id,time,temp,wv,humi
108,2022-08-08 00:01,28.4,5.6,85.1
108,2022-08-08 00:02,28.4,5.3,84.9
108,2022-08-08 00:03,28.4,3.8,84.9
108,2022-08-08 00:04,28.4,5.6,84.9
108,2022-08-08 00:05,28.4,4.3,85
108,2022-08-08 00:06,28.4,4,85.2
108,2022-08-08 00:07,28.4,3.5,85.4
108,2022-08-08 00:08,28.4,3.3,85.1
108,2022-08-08 00:09,28.4,4.8,84.9
108,2022-08-08 00:10,28.4,4.9,84.8
108,2022-08-08 00:11,28.4,3.8,85.3
108,2022-08-08 00:12,28.4,3.5,85
108,2022-08-08 00:13,28.4,4.9,84.9
108,2022-08-08 00:14,28.4,4,85
108,2022-08-08 00:15,28.4,2.8,85.2
108,2022-08-08 00:16,28.4,3.5,85.1
108,2022-08-08 00:17,28.4,3.6,84.8
108,2022-08-08 00:18,28.4,4.2,85.2
108,2022-08-08 00:19,28.4,3.7,84.9
108,2022-08-08 00:20,28.4,5.1,84.8
108,2022-08-08 00:21,28.4,5.2,84.8
108,2022-08-08 00:22,28.4,4.2,84.9
108,2022-08-08 00:23,28.4,6,85
108,2022-08-08 00:24,28.4,4.6,85
108,2022-08-08 00:25,28.4,4.1,85
108,2022-08-08 00:26,28.4,5,85.1
108,2022-08-08 00:27,28.4,3.6,84.9
108,2022-08-08 00:28,28.4,2.5,85.1
108,2022-08-08 00:29,28.4,2.7,85.1
108,2022-08-08 00:30,28.4,3,84.8
108,2022-08-08 00:31,28.4,3.2,85.1
108,2022-08-08 00:32,28.4,3.4,85
108,2022-08-08 00:33,28.4,2.9,85
108,2022-08-08 00:34,28.4,1.9,85
108,2022-08-08 00:35,28.4,1.5,85
108,2022-08-08 00:36,28.4,2.5,85
108,2022-08-08 00:37,28.4,4.6,85
108,2022-08-08 00:38,28.4,4.9,85
108,2022-08-08 00:39,28.4,2.8,84.8
108,2022-08-08 00:40,28.4,2.4,85
108,2022-08-08 00:41,28.4,2.8,85
108,2022-08-08 00:42,28.4,2.4,85.2
108,2022-08-08 00:43,28.4,3.2,85.1
108,2022-08-08 00:44,28.4,2.3,84.9
108,2022-08-08 00:45,28.4,2.8,85
108,2022-08-08 00:46,28.4,2,84.7
108,2022-08-08 00:47,28.4,3.1,85.1
108,2022-08-08 00:48,28.4,4.4,84.7
108,2022-08-08 00:49,28.4,5.4,84.5
108,2022-08-08 00:50,28.4,4.8,84.4
108,2022-08-08 00:51,28.4,4.8,84.5
108,2022-08-08 00:52,28.4,4.3,84.4
108,2022-08-08 00:53,28.4,3.4,84.5
108,2022-08-08 00:54,28.4,3.7,84.4
108,2022-08-08 00:55,28.4,4.5,84.6
108,2022-08-08 00:56,28.4,4.9,84.2
108,2022-08-08 00:57,28.4,4.8,84.4
108,2022-08-08 00:58,28.4,3.3,84.6
108,2022-08-08 00:59,28.4,3.1,84.3
108,2022-08-08 01:00,28.4,3.8,84.3
108,2022-08-08 01:01,28.4,4.7,84.4
108,2022-08-08 01:02,28.4,5.4,84.3
108,2022-08-08 01:03,28.4,4.6,84.4
108,2022-08-08 01:04,28.4,3.7,84.2
108,2022-08-08 01:05,28.4,3.5,84.5
108,2022-08-08 01:06,28.4,4.2,84.2
108,2022-08-08 01:07,28.4,3.5,84.1
108,2022-08-08 01:08,28.3,4.6,84.3
108,2022-08-08 01:09,28.4,3.2,84.2
108,2022-08-08 01:10,28.3,3.5,84.1
108,2022-08-08 01:11,28.3,4.1,84.2
108,2022-08-08 01:12,28.4,3.4,84.4
108,2022-08-08 01:13,28.3,2.5,84.5
108,2022-08-08 01:14,28.3,2.9,84.2
108,2022-08-08 01:15,28.3,2.4,84.6
108,2022-08-08 01:16,28.3,1.9,84.2
108,2022-08-08 01:17,28.3,1.9,84.2
108,2022-08-08 01:18,28.3,2.4,84.2
108,2022-08-08 01:19,28.3,2.4,84.3
108,2022-08-08 01:20,28.3,2.7,84.1
108,2022-08-08 01:21,28.3,4.2,84.7
108,2022-08-08 01:22,28.3,5,84.3
108,2022-08-08 01:23,28.3,2.8,84.1
108,2022-08-08 01:24,28.3,2.6,84.1
108,2022-08-08 01:25,28.3,2.7,84.6
108,2022-08-08 01:26,28.3,2.3,84.2
108,2022-08-08 01:27,28.3,3.6,84.1
108,2022-08-08 01:28,28.3,4.1,84.3
108,2022-08-08 01:29,28.3,5.3,84.1
108,2022-08-08 01:30,28.3,3.4,84.1
108,2022-08-08 01:31,28.3,3.3,83.9
108,2022-08-08 01:32,28.3,3.5,84.2
108,2022-08-08 01:33,28.3,4.3,84
108,2022-08-08 01:34,28.3,3.7,84
108,2022-08-08 01:35,28.3,3.5,84.1
108,2022-08-08 01:36,28.3,2.9,84
108,2022-08-08 01:37,28.3,3.8,84
108,2022-08-08 01:38,28.3,2.6,84
108,2022-08-08 01:39,28.3,2.4,84.1
108,2022-08-08 01:40,28.3,2.3,84.1
108,2022-08-08 01:41,28.3,3.4,84.1
108,2022-08-08 01:42,28.3,2.5,84.3
108,2022-08-08 01:43,28.3,2,84.1
108,2022-08-08 01:44,28.3,2.8,84.3
108,2022-08-08 01:45,28.3,4.8,84.4
108,2022-08-08 01:46,28.3,3.2,84.1
108,2022-08-08 01:47,28.3,2.2,84.7
108,2022-08-08 01:48,28.3,2.9,84.1
108,2022-08-08 01:49,28.3,3.4,84.2
108,2022-08-08 01:50,28.3,2.2,84.2
108,2022-08-08 01:51,28.3,2.2,84.3
108,2022-08-08 01:52,28.3,3.4,84.3
108,2022-08-08 01:53,28.3,3,84.1
108,2022-08-08 01:54,28.3,3.1,84.3
108,2022-08-08 01:55,28.3,3.7,84.4
108,2022-08-08 01:56,28.3,2.4,84.4
108,2022-08-08 01:57,28.3,3.1,84.2
108,2022-08-08 01:58,28.3,3.3,84.2
108,2022-08-08 01:59,28.3,3.4,84.2
108,2022-08-08 02:00,28.3,2.9,84.4
108,2022-08-08 02:01,28.3,2.2,84.1
108,2022-08-08 02:02,28.3,2.4,84.4
108,2022-08-08 02:03,28.3,3.5,84.4
108,2022-08-08 02:04,28.3,4,84.3
108,2022-08-08 02:05,28.3,4.5,84.3
108,2022-08-08 02:06,28.3,5.2,84.4
108,2022-08-08 02:07,28.3,3.5,84.4
108,2022-08-08 02:08,28.3,3.7,84.2
108,2022-08-08 02:09,28.3,5,84.7
108,2022-08-08 02:10,28.3,3.5,84.4
108,2022-08-08 02:11,28.3,3.7,84.4
108,2022-08-08 02:12,28.3,4.2,84.5
108,2022-08-08 02:13,28.3,4,84.7
108,2022-08-08 02:14,28.3,5.1,84.6
108,2022-08-08 02:15,28.3,3.4,84.6
108,2022-08-08 02:16,28.3,4.4,84.6
108,2022-08-08 02:17,28.3,3.3,84.8
108,2022-08-08 02:18,28.3,2.7,84.6
108,2022-08-08 02:19,28.3,2.7,84.7
108,2022-08-08 02:20,28.3,3.1,84.9
108,2022-08-08 02:21,28.3,3.8,84.8
108,2022-08-08 02:22,28.3,4.6,84.6
108,2022-08-08 02:23,28.3,3.6,84.6
108,2022-08-08 02:24,28.3,2.8,84.7
108,2022-08-08 02:25,28.3,3.8,84.6
108,2022-08-08 02:26,28.3,2.7,84.7
108,2022-08-08 02:27,28.3,3.3,84.5
108,2022-08-08 02:28,28.3,2.9,84.7
108,2022-08-08 02:29,28.3,3.1,84.8
108,2022-08-08 02:30,28.3,2.3,84.9
108,2022-08-08 02:31,28.3,2.5,84.7
108,2022-08-08 02:32,28.3,4.9,84.8
108,2022-08-08 02:33,28.3,4.1,84.8
108,2022-08-08 02:34,28.3,3.1,84.9
108,2022-08-08 02:35,28.3,2.7,84.8
108,2022-08-08 02:36,28.3,2.7,85
108,2022-08-08 02:37,28.3,2.9,84.6
108,2022-08-08 02:38,28.3,4.7,84.6
108,2022-08-08 02:39,28.3,3.6,84.8
108,2022-08-08 02:40,28.3,3.9,84.5
108,2022-08-08 02:41,28.3,4.4,84.5
108,2022-08-08 02:42,28.3,4.1,84.4
108,2022-08-08 02:43,28.3,3.1,84.7
108,2022-08-08 02:44,28.3,3.3,84.5
108,2022-08-08 02:45,28.3,3.7,84.7
108,2022-08-08 02:46,28.3,3.1,84.7
108,2022-08-08 02:47,28.3,3.9,84.5
108,2022-08-08 02:48,28.3,3.7,84.5
108,2022-08-08 02:49,28.3,4.3,84.8
108,2022-08-08 02:50,28.3,2.3,84.5
108,2022-08-08 02:51,28.3,2.8,84.5
108,2022-08-08 02:52,28.3,3.3,84.6
108,2022-08-08 02:53,28.3,3.6,84.6
108,2022-08-08 02:54,28.3,3.4,84.4
108,2022-08-08 02:55,28.3,3.9,84.3
108,2022-08-08 02:56,28.3,3.1,84.6
108,2022-08-08 02:57,28.3,4.3,84.5
108,2022-08-08 02:58,28.3,3.6,84.6
108,2022-08-08 02:59,28.3,2.6,84.8
108,2022-08-08 03:00,28.3,6.1,84.8
108,2022-08-08 03:01,28.3,5.8,84.6
108,2022-08-08 03:02,28.3,3.8,84.6
108,2022-08-08 03:03,28.3,4.2,84.7
108,2022-08-08 03:04,28.3,3.8,84.8
108,2022-08-08 03:05,28.3,3.6,84.5
108,2022-08-08 03:06,28.3,3,84.8
108,2022-08-08 03:07,28.3,3.3,84.5
108,2022-08-08 03:08,28.3,3.8,84.5
108,2022-08-08 03:09,28.3,4.1,85
108,2022-08-08 03:10,28.3,3.8,84.7
108,2022-08-08 03:11,28.3,3.4,84.6
108,2022-08-08 03:12,28.3,2.5,84.7
108,2022-08-08 03:13,28.3,2.8,84.7
108,2022-08-08 03:14,28.3,2.6,84.3
108,2022-08-08 03:15,28.3,3.2,84.4
108,2022-08-08 03:16,28.3,2.8,84.6
108,2022-08-08 03:17,28.3,2,84.7
108,2022-08-08 03:18,28.3,3.6,84.4
108,2022-08-08 03:19,28.3,2.4,84.5
108,2022-08-08 03:20,28.3,2.4,84.8
108,2022-08-08 03:21,28.3,4.2,84.5
108,2022-08-08 03:22,28.3,4.5,84.3
108,2022-08-08 03:23,28.3,3.4,84.5
108,2022-08-08 03:24,28.3,2.3,84.4
108,2022-08-08 03:25,28.3,2.7,84.6
108,2022-08-08 03:26,28.3,3.4,84.4
108,2022-08-08 03:27,28.3,5.2,84
108,2022-08-08 03:28,28.3,3.6,84.1
108,2022-08-08 03:29,28.3,3.1,84.4
108,2022-08-08 03:30,28.3,3.2,84.5
108,2022-08-08 03:31,28.3,3.6,84.3
108,2022-08-08 03:32,28.3,5.4,84.3
108,2022-08-08 03:33,28.3,3.9,84.5
108,2022-08-08 03:34,28.3,3,84.2
108,2022-08-08 03:35,28.3,3.3,84.1
108,2022-08-08 03:36,28.3,3.7,84.2
108,2022-08-08 03:37,28.3,2.9,84.4
108,2022-08-08 03:38,28.3,3.4,84.3
108,2022-08-08 03:39,28.3,5.9,84.1
108,2022-08-08 03:40,28.3,4.4,84.4
108,2022-08-08 03:41,28.3,4.4,84
108,2022-08-08 03:42,28.3,5.3,84
108,2022-08-08 03:43,28.3,4.4,84.2
108,2022-08-08 03:44,28.3,4.6,84
108,2022-08-08 03:45,28.3,4.6,84.1
108,2022-08-08 03:46,28.3,5.1,83.9
108,2022-08-08 03:47,28.3,3.7,84.3
108,2022-08-08 03:48,28.2,3.9,84
108,2022-08-08 03:49,28.2,6.2,84.1
108,2022-08-08 03:50,28.3,5.7,84
108,2022-08-08 03:51,28.2,4,83.8
108,2022-08-08 03:52,28.2,3,83.9
108,2022-08-08 03:53,28.2,4.3,84
108,2022-08-08 03:54,28.2,5.1,84.2
108,2022-08-08 03:55,28.2,4.9,83.9
108,2022-08-08 03:56,28.2,3.5,84.5
108,2022-08-08 03:57,28.2,3.8,84.2
108,2022-08-08 03:58,28.2,5.4,84
108,2022-08-08 03:59,28.2,5,84
108,2022-08-08 04:00,28.2,5.4,84.1
108,2022-08-08 04:01,28.2,3.5,83.9
108,2022-08-08 04:02,28.2,3.5,84
108,2022-08-08 04:03,28.2,3.2,84
108,2022-08-08 04:04,28.2,4.1,84.2
108,2022-08-08 04:05,28.2,4,84
108,2022-08-08 04:06,28.2,3.8,83.9
108,2022-08-08 04:07,28.2,5.4,84.1
108,2022-08-08 04:08,28.2,7,84.1
108,2022-08-08 04:09,28.2,6,83.9
108,2022-08-08 04:10,28.2,5.1,84.1
108,2022-08-08 04:11,28.2,4.7,84.2
108,2022-08-08 04:12,28.2,4.3,84
108,2022-08-08 04:13,28.2,2.7,84.3
108,2022-08-08 04:14,28.2,3,84.3
108,2022-08-08 04:15,28.2,3.6,84.1
108,2022-08-08 04:16,28.2,2.9,84.2
108,2022-08-08 04:17,28.2,4.5,84.3
108,2022-08-08 04:18,28.2,5.2,84
108,2022-08-08 04:19,28.2,5.2,84
108,2022-08-08 04:20,28.2,5,84.1
108,2022-08-08 04:21,28.2,3.3,84.4
108,2022-08-08 04:22,28.2,3.7,84.1
108,2022-08-08 04:23,28.2,4.2,84
108,2022-08-08 04:24,28.2,5.7,84.3
108,2022-08-08 04:25,28.2,6.1,84.1
108,2022-08-08 04:26,28.2,4.6,84
108,2022-08-08 04:27,28.2,3.5,83.9
108,2022-08-08 04:28,28.2,2.9,83.9
108,2022-08-08 04:29,28.2,4.3,84
108,2022-08-08 04:30,28.2,4.9,84.1
108,2022-08-08 04:31,28.2,4,84.2
108,2022-08-08 04:32,28.2,3.4,84.3
108,2022-08-08 04:33,28.2,3.2,84
108,2022-08-08 04:34,28.2,4.1,84.5
108,2022-08-08 04:35,28.2,2.8,83.9
108,2022-08-08 04:36,28.2,2,84.1
108,2022-08-08 04:37,28.2,2.7,84.1
108,2022-08-08 04:38,28.2,2.8,84
108,2022-08-08 04:39,28.2,2.9,84.2
108,2022-08-08 04:40,28.2,2.9,84
108,2022-08-08 04:41,28.2,2.7,84.3
108,2022-08-08 04:42,28.2,4.5,84
108,2022-08-08 04:43,28.2,5.3,83.9
108,2022-08-08 04:44,28.2,3.5,84
108,2022-08-08 04:45,28.2,3.4,84
108,2022-08-08 04:46,28.2,2.9,84
108,2022-08-08 04:47,28.2,3.1,84.2
108,2022-08-08 04:48,28.2,2.7,84.1
108,2022-08-08 04:49,28.2,2.5,84
108,2022-08-08 04:50,28.2,3,84.3
108,2022-08-08 04:51,28.2,3,84.1
108,2022-08-08 04:52,28.2,3.4,83.9
108,2022-08-08 04:53,28.2,3,84
108,2022-08-08 04:54,28.2,4,84
108,2022-08-08 04:55,28.2,3.9,83.9
108,2022-08-08 04:56,28.2,3.6,84
108,2022-08-08 04:57,28.2,4.3,83.8
108,2022-08-08 04:58,28.2,3.8,84
108,2022-08-08 04:59,28.2,3.7,83.6
108,2022-08-08 05:00,28.2,4,83.3
108,2022-08-08 05:01,28.2,4.2,83.5
108,2022-08-08 05:02,28.2,3.7,83.3
108,2022-08-08 05:03,28.2,3.8,83.4
108,2022-08-08 05:04,28.2,4.1,83.5
108,2022-08-08 05:05,28.2,3.9,83.5
108,2022-08-08 05:06,28.2,3.3,83.5
108,2022-08-08 05:07,28.2,2.9,83.5
108,2022-08-08 05:08,28.2,3.5,83.8
108,2022-08-08 05:09,28.2,3.2,83.5
108,2022-08-08 05:10,28.2,5.8,83
108,2022-08-08 05:11,28.2,5.7,83.2
108,2022-08-08 05:12,28.2,4.1,83.1
108,2022-08-08 05:13,28.2,4.2,83.6
108,2022-08-08 05:14,28.1,5.6,83
108,2022-08-08 05:15,28.2,6.9,83.5
108,2022-08-08 05:16,28.2,6.2,83.1
108,2022-08-08 05:17,28.2,3.5,83.3
108,2022-08-08 05:18,28.1,3.8,83.4
108,2022-08-08 05:19,28.1,5.7,83.2
108,2022-08-08 05:20,28.1,4.9,83.1
108,2022-08-08 05:21,28.1,4.4,83.3
108,2022-08-08 05:22,28.1,5,83.2
108,2022-08-08 05:23,28.1,2.9,83.3
108,2022-08-08 05:24,28.1,1.7,83.5
108,2022-08-08 05:25,28.1,3,83.8
108,2022-08-08 05:26,28.1,5.9,83.8
108,2022-08-08 05:27,28.1,4.9,83.6
108,2022-08-08 05:28,28.1,4.8,83.8
108,2022-08-08 05:29,28.1,4.5,83.9
108,2022-08-08 05:30,28,5.8,84
108,2022-08-08 05:31,28,6.1,83.9
108,2022-08-08 05:32,28,3.5,84.1
108,2022-08-08 05:33,28,3.1,84.2
108,2022-08-08 05:34,28,3.8,84.4
108,2022-08-08 05:35,28,4.2,84.6
108,2022-08-08 05:36,28,3.4,84.4
108,2022-08-08 05:37,27.9,3.9,84.7
108,2022-08-08 05:38,27.9,2.2,84.8
108,2022-08-08 05:39,27.9,3,85
108,2022-08-08 05:40,27.9,3.9,84.6
108,2022-08-08 05:41,27.9,3.3,84.6
108,2022-08-08 05:42,27.9,4.3,85
108,2022-08-08 05:43,27.9,6.5,85.1
108,2022-08-08 05:44,27.8,4.6,85.2
108,2022-08-08 05:45,27.8,3.4,85.5
108,2022-08-08 05:46,27.8,5.2,85.2
108,2022-08-08 05:47,27.8,4.2,84.9
108,2022-08-08 05:48,27.8,3.3,85.3
108,2022-08-08 05:49,27.8,5.6,85.1
108,2022-08-08 05:50,27.8,4.8,85.3
108,2022-08-08 05:51,27.8,4.2,85.4
108,2022-08-08 05:52,27.8,2.6,86.1
108,2022-08-08 05:53,27.7,1.9,85.8
108,2022-08-08 05:54,27.7,2.9,85.6
108,2022-08-08 05:55,27.7,2.8,85.8
108,2022-08-08 05:56,27.7,2.6,85.7
108,2022-08-08 05:57,27.7,2.6,86.4
108,2022-08-08 05:58,27.7,6.1,85.9
108,2022-08-08 05:59,27.7,7.1,85.8
108,2022-08-08 06:00,27.7,6.1,85.6
108,2022-08-08 06:01,27.7,3.6,85.8
108,2022-08-08 06:02,27.7,4.5,86.1
108,2022-08-08 06:03,27.7,4.1,85.7
108,2022-08-08 06:04,27.7,3.8,86.1
108,2022-08-08 06:05,27.6,3.3,86.4
108,2022-08-08 06:06,27.6,4.4,86.4
108,2022-08-08 06:07,27.6,3.7,86.2
108,2022-08-08 06:08,27.6,2.4,86.2
108,2022-08-08 06:09,27.6,3.2,86.4
108,2022-08-08 06:10,27.6,4,86.2
108,2022-08-08 06:11,27.6,4.9,86.5
108,2022-08-08 06:12,27.6,5.4,86.3
108,2022-08-08 06:13,27.6,4.8,86.2
108,2022-08-08 06:14,27.6,3.5,86.4
108,2022-08-08 06:15,27.6,3,86.7
108,2022-08-08 06:16,27.5,2.9,86.7
108,2022-08-08 06:17,27.5,2.6,86.7
108,2022-08-08 06:18,27.5,2.3,87
108,2022-08-08 06:19,27.5,2.4,87.5
108,2022-08-08 06:20,27.5,4.8,87.2
108,2022-08-08 06:21,27.5,3.9,87
108,2022-08-08 06:22,27.5,4.3,87.2
108,2022-08-08 06:23,27.5,3,87.2
108,2022-08-08 06:24,27.5,3.5,87.4
108,2022-08-08 06:25,27.5,4.9,87.1
108,2022-08-08 06:26,27.5,2.8,87.4
108,2022-08-08 06:27,27.5,2.6,87.5
108,2022-08-08 06:28,27.4,4.5,87.5
108,2022-08-08 06:29,27.4,3.5,87.7
108,2022-08-08 06:30,27.4,3.6,87.5
108,2022-08-08 06:31,27.4,5,87.6
108,2022-08-08 06:32,27.4,4.3,88.2
108,2022-08-08 06:33,27.4,3.2,88.1
108,2022-08-08 06:34,27.4,2.9,88.1
108,2022-08-08 06:35,27.4,3.3,87.9
108,2022-08-08 06:36,27.4,3.7,88.3
108,2022-08-08 06:37,27.4,2.9,88.1
108,2022-08-08 06:38,27.4,3.4,88.2
108,2022-08-08 06:39,27.4,3.9,88.5
108,2022-08-08 06:40,27.4,3.9,88.3
108,2022-08-08 06:41,27.4,4.7,88.3
108,2022-08-08 06:42,27.3,3.9,88.2
108,2022-08-08 06:43,27.4,3.6,88.6
108,2022-08-08 06:44,27.3,2.6,88.7
108,2022-08-08 06:45,27.3,4,88.3
108,2022-08-08 06:46,27.3,5.6,88.8
108,2022-08-08 06:47,27.3,3.3,88.7
108,2022-08-08 06:48,27.3,3.4,88.8
108,2022-08-08 06:49,27.3,3,88.8
108,2022-08-08 06:50,27.3,2.9,88.9
108,2022-08-08 06:51,27.3,4.4,89
108,2022-08-08 06:52,27.3,3.9,88.8
108,2022-08-08 06:53,27.3,3.5,89
108,2022-08-08 06:54,27.3,3.4,89
108,2022-08-08 06:55,27.3,3.6,88.9
108,2022-08-08 06:56,27.3,2.9,89.2
108,2022-08-08 06:57,27.3,3.2,89.7
108,2022-08-08 06:58,27.3,5,89.3
108,2022-08-08 06:59,27.3,4,89.1
108,2022-08-08 07:00,27.3,3.1,89.4
108,2022-08-08 07:01,27.2,3,89.3
108,2022-08-08 07:02,27.2,3.3,89.3
108,2022-08-08 07:03,27.2,3.9,89.5
108,2022-08-08 07:04,27.2,3.4,89.4
108,2022-08-08 07:05,27.2,3.2,89.6
108,2022-08-08 07:06,27.2,5.1,89.6
108,2022-08-08 07:07,27.2,3.8,89.9
108,2022-08-08 07:08,27.2,3.5,89.6
108,2022-08-08 07:09,27.2,2.7,89.5
108,2022-08-08 07:10,27.2,2.2,89.9
108,2022-08-08 07:11,27.2,3.7,89.5
108,2022-08-08 07:12,27.2,4.8,89.8
108,2022-08-08 07:13,27.2,3.3,89.9
108,2022-08-08 07:14,27.2,4,89.8
108,2022-08-08 07:15,27.2,3.3,89.6
108,2022-08-08 07:16,27.2,2.9,89.6
108,2022-08-08 07:17,27.3,4.5,90.1
108,2022-08-08 07:18,27.2,2.8,89.7
108,2022-08-08 07:19,27.2,2.3,89.9
108,2022-08-08 07:20,27.2,2.9,90.2
108,2022-08-08 07:21,27.2,3.6,89.9
108,2022-08-08 07:22,27.2,4.3,90
108,2022-08-08 07:23,27.2,5.1,89.7
108,2022-08-08 07:24,27.3,3.8,90
108,2022-08-08 07:25,27.2,3.1,89.9
108,2022-08-08 07:26,27.2,2.5,89.8
108,2022-08-08 07:27,27.3,3.1,90
108,2022-08-08 07:28,27.2,2.6,90.1
108,2022-08-08 07:29,27.2,2.8,89.9
108,2022-08-08 07:30,27.3,2.9,89.8
108,2022-08-08 07:31,27.2,4.4,90.2
108,2022-08-08 07:32,27.2,2.8,90.1
108,2022-08-08 07:33,27.2,2.8,89.9
108,2022-08-08 07:34,27.2,5.7,90.2
108,2022-08-08 07:35,27.2,4.6,89.9
108,2022-08-08 07:36,27.2,4,90.3
108,2022-08-08 07:37,27.2,3.6,90.2
108,2022-08-08 07:38,27.2,3.5,90.2
108,2022-08-08 07:39,27.2,3.5,90.3
108,2022-08-08 07:40,27.2,3.8,90.2
108,2022-08-08 07:41,27.2,5.3,90.7
108,2022-08-08 07:42,27.2,4.1,90.4
108,2022-08-08 07:43,27.2,3.6,90.3
108,2022-08-08 07:44,27.2,2.5,90.6
108,2022-08-08 07:45,27.2,2.6,90.4
108,2022-08-08 07:46,27.2,3.2,90.5
108,2022-08-08 07:47,27.2,2.2,90.5
108,2022-08-08 07:48,27.2,2.5,90.9
108,2022-08-08 07:49,27.2,4,90.8
108,2022-08-08 07:50,27.2,3.8,91
108,2022-08-08 07:51,27.2,3.1,91
108,2022-08-08 07:52,27.2,2,90.7
108,2022-08-08 07:53,27.2,2.2,90.8
108,2022-08-08 07:54,27.2,3.8,90.9
108,2022-08-08 07:55,27.2,3.4,91
108,2022-08-08 07:56,27.2,3.6,90.7
108,2022-08-08 07:57,27.2,5.3,90.6
108,2022-08-08 07:58,27.2,3.8,90.9
108,2022-08-08 07:59,27.2,2.9,90.9
108,2022-08-08 08:00,27.2,5.3,90.6
108,2022-08-08 08:01,27.2,4.1,90.5
108,2022-08-08 08:02,27.2,5,90.7
108,2022-08-08 08:03,27.2,3.7,90.8
108,2022-08-08 08:04,27.2,3.4,90.6
108,2022-08-08 08:05,27.2,3.1,90.8
108,2022-08-08 08:06,27.2,3.9,90.3
108,2022-08-08 08:07,27.2,3,90.4
108,2022-08-08 08:08,27.2,3.2,90.5
108,2022-08-08 08:09,27.2,3.1,90.4
108,2022-08-08 08:10,27.2,3.1,90.3
108,2022-08-08 08:11,27.2,3.1,90.3
108,2022-08-08 08:12,27.2,3.3,90.6
108,2022-08-08 08:13,27.2,4,90.4
108,2022-08-08 08:14,27.2,3.8,90.4
108,2022-08-08 08:15,27.2,3.4,90.7
108,2022-08-08 08:16,27.2,4,90.4
108,2022-08-08 08:17,27.2,4.8,90.5
108,2022-08-08 08:18,27.3,4.8,90.4
108,2022-08-08 08:19,27.3,3.6,90.4
108,2022-08-08 08:20,27.3,3,90.7
108,2022-08-08 08:21,27.3,3.2,90.5
108,2022-08-08 08:22,27.2,3,90.8
108,2022-08-08 08:23,27.2,4,90.6
108,2022-08-08 08:24,27.2,4.4,90.8
108,2022-08-08 08:25,27.2,4.5,90.9
108,2022-08-08 08:26,27.2,3.8,90.7
108,2022-08-08 08:27,27.2,2.6,90.6
108,2022-08-08 08:28,27.2,1.8,90.7
108,2022-08-08 08:29,27.2,2.5,90.9
108,2022-08-08 08:30,27.2,3.6,90.7
108,2022-08-08 08:31,27.2,3,90.8
108,2022-08-08 08:32,27.2,3.7,91.2
108,2022-08-08 08:33,27.2,4.8,91.1
108,2022-08-08 08:34,27.2,4.4,91.2
108,2022-08-08 08:35,27.2,4.4,91.1
108,2022-08-08 08:36,27.2,4.9,91.3
108,2022-08-08 08:37,27.2,3.4,91
108,2022-08-08 08:38,27.2,3.8,91.1
108,2022-08-08 08:39,27.2,3.4,91.2
108,2022-08-08 08:40,27.2,2.9,91.1
108,2022-08-08 08:41,27.2,2.9,91.2
108,2022-08-08 08:42,27.2,3.6,91.3
108,2022-08-08 08:43,27.2,3.9,91.5
108,2022-08-08 08:44,27.2,3.5,91.8
108,2022-08-08 08:45,27.2,4.3,91
108,2022-08-08 08:46,27.2,3.9,91.3
108,2022-08-08 08:47,27.2,4.3,91.2
108,2022-08-08 08:48,27.2,6,91.2
108,2022-08-08 08:49,27.2,5.6,91.2
108,2022-08-08 08:50,27.2,3.5,91.3
108,2022-08-08 08:51,27.2,4.1,91.3
108,2022-08-08 08:52,27.3,4.9,91
108,2022-08-08 08:53,27.3,5,91.4
108,2022-08-08 08:54,27.3,3.4,91
108,2022-08-08 08:55,27.3,4.6,91
108,2022-08-08 08:56,27.3,2.9,91.1
108,2022-08-08 08:57,27.3,5.4,91
108,2022-08-08 08:58,27.3,5.1,91.2
108,2022-08-08 08:59,27.3,4.8,91.1
108,2022-08-08 09:00,27.3,5,91.3
108,2022-08-08 09:01,27.3,4.6,91.2
108,2022-08-08 09:02,27.3,4,91.1
108,2022-08-08 09:03,27.3,6.2,91.4
108,2022-08-08 09:04,27.3,4.5,91.4
108,2022-08-08 09:05,27.3,4.3,91.2
108,2022-08-08 09:06,27.3,4.3,90.8
108,2022-08-08 09:07,27.3,4.2,90.8
108,2022-08-08 09:08,27.3,3.9,91.1
108,2022-08-08 09:09,27.3,3.3,91
108,2022-08-08 09:10,27.3,3.7,91.3
108,2022-08-08 09:11,27.3,4.5,90.8
108,2022-08-08 09:12,27.3,3.8,91.2
108,2022-08-08 09:13,27.3,4.2,90.9
108,2022-08-08 09:14,27.3,3.7,90.8
108,2022-08-08 09:15,27.3,3.8,90.7
108,2022-08-08 09:16,27.3,2.9,90.8
108,2022-08-08 09:17,27.3,2.6,91.1
108,2022-08-08 09:18,27.3,4.1,91
108,2022-08-08 09:19,27.3,4.7,90.9
108,2022-08-08 09:20,27.3,3.7,91.1
108,2022-08-08 09:21,27.3,3,91.1
108,2022-08-08 09:22,27.3,3.5,91
108,2022-08-08 09:23,27.3,4.3,91
108,2022-08-08 09:24,27.3,4.1,91.1
108,2022-08-08 09:25,27.3,6.4,90.8
108,2022-08-08 09:26,27.3,5,91.2
108,2022-08-08 09:27,27.3,3.4,91.1
108,2022-08-08 09:28,27.3,3.3,91
108,2022-08-08 09:29,27.3,4.7,90.9
108,2022-08-08 09:30,27.3,3.3,90.9
108,2022-08-08 09:31,27.3,2.8,91
108,2022-08-08 09:32,27.3,3.7,91.2
108,2022-08-08 09:33,27.3,4.7,90.9
108,2022-08-08 09:34,27.3,5.8,91.1
108,2022-08-08 09:35,27.3,3.3,91.2
108,2022-08-08 09:36,27.3,2.5,91.5
108,2022-08-08 09:37,27.3,3.9,91.4
108,2022-08-08 09:38,27.3,5.4,91.1
108,2022-08-08 09:39,27.3,3.4,91.1
108,2022-08-08 09:40,27.3,2.5,91.3
108,2022-08-08 09:41,27.3,1.9,91.4
108,2022-08-08 09:42,27.3,3.2,91
108,2022-08-08 09:43,27.3,3.9,91.3
108,2022-08-08 09:44,27.3,4.7,91.2
108,2022-08-08 09:45,27.3,3.7,90.9
108,2022-08-08 09:46,27.3,4.7,90.9
108,2022-08-08 09:47,27.4,4.1,91.1
108,2022-08-08 09:48,27.4,5.4,90.8
108,2022-08-08 09:49,27.4,5.5,90.6
108,2022-08-08 09:50,27.4,5.6,90.6
108,2022-08-08 09:51,27.4,5.3,90.8
108,2022-08-08 09:52,27.4,7.4,90.6
108,2022-08-08 09:53,27.4,5.9,90.7
108,2022-08-08 09:54,27.4,5,90.6
108,2022-08-08 09:55,27.4,5.5,90.7
108,2022-08-08 09:56,27.4,6.4,90.6
108,2022-08-08 09:57,27.4,6.2,90.4
108,2022-08-08 09:58,27.4,4.7,90.4
108,2022-08-08 09:59,27.4,4.6,90.5
108,2022-08-08 10:00,27.4,5.6,90
108,2022-08-08 10:01,27.5,5.2,90.2
108,2022-08-08 10:02,27.5,5,90
108,2022-08-08 10:03,27.5,5,89.8
108,2022-08-08 10:04,27.5,4.4,90
108,2022-08-08 10:05,27.5,4.4,89.9
108,2022-08-08 10:06,27.5,5.3,90
108,2022-08-08 10:07,27.5,3.9,90.1
108,2022-08-08 10:08,27.5,4.1,90.1
108,2022-08-08 10:09,27.5,3.6,89.8
108,2022-08-08 10:10,27.5,2.6,89.9
108,2022-08-08 10:11,27.5,3.1,90.1
108,2022-08-08 10:12,27.5,5.3,89.9
108,2022-08-08 10:13,27.5,6.2,90
108,2022-08-08 10:14,27.5,5.6,89.6
108,2022-08-08 10:15,27.5,5.9,89.6
108,2022-08-08 10:16,27.6,6.6,89.3
108,2022-08-08 10:17,27.6,4,89.2
108,2022-08-08 10:18,27.6,4.6,89.7
108,2022-08-08 10:19,27.6,5.8,89.1
108,2022-08-08 10:20,27.6,6.3,89.2
108,2022-08-08 10:21,27.6,5.9,89
108,2022-08-08 10:22,27.6,5.2,89.1
108,2022-08-08 10:23,27.6,4.1,89.2
108,2022-08-08 10:24,27.6,5.6,89
108,2022-08-08 10:25,27.7,5.2,89.2
108,2022-08-08 10:26,27.7,6,88.9
108,2022-08-08 10:27,27.7,6.2,89.3
108,2022-08-08 10:28,27.7,4.6,89.2
108,2022-08-08 10:29,27.7,4.2,89.2
108,2022-08-08 10:30,27.7,4.2,89.2
108,2022-08-08 10:31,27.7,6.9,89.1
108,2022-08-08 10:32,27.7,4,89.3
108,2022-08-08 10:33,27.7,3.9,89.2
108,2022-08-08 10:34,27.7,4.8,89.2
108,2022-08-08 10:35,27.7,5.9,89.3
108,2022-08-08 10:36,27.7,4.7,88.9
108,2022-08-08 10:37,27.7,4.7,89.4
108,2022-08-08 10:38,27.7,5.6,89.4
108,2022-08-08 10:39,27.7,6.6,89.3
108,2022-08-08 10:40,27.7,5.3,89.5
108,2022-08-08 10:41,27.7,6.1,89.3
108,2022-08-08 10:42,27.7,4.9,89.6
108,2022-08-08 10:43,27.7,5.7,89.3
108,2022-08-08 10:44,27.7,4,89.3
108,2022-08-08 10:45,27.7,3.9,89.8
108,2022-08-08 10:46,27.7,5,89.2
108,2022-08-08 10:47,27.7,4.1,89.4
108,2022-08-08 10:48,27.7,4.6,89.5
108,2022-08-08 10:49,27.7,5.2,89.6
108,2022-08-08 10:50,27.7,5.6,89.6
108,2022-08-08 10:51,27.7,4.7,89.4
108,2022-08-08 10:52,27.7,3.6,89.5
108,2022-08-08 10:53,27.7,4,89.2
108,2022-08-08 10:54,27.7,3.3,89.6
108,2022-08-08 10:55,27.7,3.4,89.5
108,2022-08-08 10:56,27.7,4.7,89.3
108,2022-08-08 10:57,27.7,4.7,89.2
108,2022-08-08 10:58,27.7,4.8,89.1
108,2022-08-08 10:59,27.7,3.7,89.5
108,2022-08-08 11:00,27.8,4.3,89.1
108,2022-08-08 11:01,27.7,3.2,89.3
108,2022-08-08 11:02,27.8,3.4,89.7
108,2022-08-08 11:03,27.8,3.7,89.1
108,2022-08-08 11:04,27.8,6,88.8
108,2022-08-08 11:05,27.8,4.1,88.9
108,2022-08-08 11:06,27.8,4.4,88.9
108,2022-08-08 11:07,27.8,4.5,88.7
108,2022-08-08 11:08,27.8,6.3,88.6
108,2022-08-08 11:09,27.8,5.7,88.8
108,2022-08-08 11:10,27.9,3.8,88.7
108,2022-08-08 11:11,27.9,4.5,88.7
108,2022-08-08 11:12,27.9,4.1,88.6
108,2022-08-08 11:13,27.9,4.4,88.6
108,2022-08-08 11:14,27.9,3.8,88.6
108,2022-08-08 11:15,27.9,3.1,88.5
108,2022-08-08 11:16,27.9,6.3,88.7
108,2022-08-08 11:17,27.9,5.2,88.3
108,2022-08-08 11:18,27.9,5.7,88
108,2022-08-08 11:19,27.9,5.2,88.3
108,2022-08-08 11:20,27.9,4.5,88
108,2022-08-08 11:21,28,4.4,88.1
108,2022-08-08 11:22,28,5.1,87.9
108,2022-08-08 11:23,28,5.5,87.9
108,2022-08-08 11:24,28,4.9,87.5
108,2022-08-08 11:25,28,5.6,87.6
108,2022-08-08 11:26,28,5.8,87.6
108,2022-08-08 11:27,28,5.1,87.4
108,2022-08-08 11:28,28,5.3,87.4
108,2022-08-08 11:29,28,3.8,87.6
108,2022-08-08 11:30,28,4.6,87.6
108,2022-08-08 11:31,28,6.2,87.2
108,2022-08-08 11:32,28,5.2,87.2
108,2022-08-08 11:33,28,4.6,87.3
108,2022-08-08 11:34,28,3.8,87.4
108,2022-08-08 11:35,28,3.8,87.4
108,2022-08-08 11:36,28,4.8,87.5
108,2022-08-08 11:37,28,4,87.3
108,2022-08-08 11:38,28,6.8,87.3
108,2022-08-08 11:39,28,7,87.2
108,2022-08-08 11:40,28,5,86.7
108,2022-08-08 11:41,28.1,5.8,86.6
108,2022-08-08 11:42,28.1,5.9,86.6
108,2022-08-08 11:43,28.1,7.3,86.7
108,2022-08-08 11:44,28.1,6.2,86.6
108,2022-08-08 11:45,28.1,5.8,86.7
108,2022-08-08 11:46,28.1,5.6,87
108,2022-08-08 11:47,28.1,6.4,87.1
108,2022-08-08 11:48,28.1,7,86.7
108,2022-08-08 11:49,28.1,6.8,86.8
108,2022-08-08 11:50,28.1,6.7,86.8
108,2022-08-08 11:51,28.1,6.9,86.9
108,2022-08-08 11:52,28.1,7.6,87
108,2022-08-08 11:53,28,4.7,87.1
108,2022-08-08 11:54,28,4.4,87.1
108,2022-08-08 11:55,28,9,87.3
108,2022-08-08 11:56,28,6.1,87.3
108,2022-08-08 11:57,28,6.9,87.1
108,2022-08-08 11:58,28,6.1,87.3
108,2022-08-08 11:59,28,6.8,87.3
108,2022-08-08 12:00,28,7,87.8
108,2022-08-08 12:01,27.9,6.7,87.4
108,2022-08-08 12:02,27.9,7.1,87.5
108,2022-08-08 12:03,27.9,6.4,88
108,2022-08-08 12:04,27.9,8.9,88.2
108,2022-08-08 12:05,27.9,7.2,88.1
108,2022-08-08 12:06,27.8,4.3,88.4
108,2022-08-08 12:07,27.8,5.6,88.7
108,2022-08-08 12:08,27.8,5.1,88.6
108,2022-08-08 12:09,27.8,5,89.1
108,2022-08-08 12:10,27.8,6.2,88.9
108,2022-08-08 12:11,27.7,5,89.1
108,2022-08-08 12:12,27.7,3.9,89.3
108,2022-08-08 12:13,27.7,4.2,89.5
108,2022-08-08 12:14,27.6,7,89.6
108,2022-08-08 12:15,27.6,6.7,89.9
108,2022-08-08 12:16,27.6,5.6,90.3
108,2022-08-08 12:17,27.5,5.5,91
108,2022-08-08 12:18,27.5,5.1,90.9
108,2022-08-08 12:19,27.5,3.8,91.2
108,2022-08-08 12:20,27.4,5.1,91.4
108,2022-08-08 12:21,27.4,4.8,91.5
108,2022-08-08 12:22,27.4,5.5,91.6
108,2022-08-08 12:23,27.4,2.7,92
108,2022-08-08 12:24,27.3,2.9,92.2
108,2022-08-08 12:25,27.3,3.6,92.1
108,2022-08-08 12:26,27.2,3.3,91.9
108,2022-08-08 12:27,27,4.6,91.7
108,2022-08-08 12:28,27,7,91.5
108,2022-08-08 12:29,26.9,5.9,91.7
108,2022-08-08 12:30,26.9,7.6,92.7
108,2022-08-08 12:31,26.9,4.2,92.6
108,2022-08-08 12:32,26.9,4.2,93
108,2022-08-08 12:33,26.9,3.7,93.1
108,2022-08-08 12:34,26.8,4,93.2
108,2022-08-08 12:35,26.7,4.4,92.9
108,2022-08-08 12:36,26.6,6.7,93
108,2022-08-08 12:37,26.5,6.1,93.5
108,2022-08-08 12:38,26.5,4.6,93.1
108,2022-08-08 12:39,26.4,4.1,93.2
108,2022-08-08 12:40,26.3,5.1,93.3
108,2022-08-08 12:41,26.2,4.3,93.1
108,2022-08-08 12:42,26.1,5.3,92.8
108,2022-08-08 12:43,26.1,4.3,92.8
108,2022-08-08 12:44,26,3.8,92.9
108,2022-08-08 12:45,26,2.6,93.7
108,2022-08-08 12:46,25.9,3.2,92.7
108,2022-08-08 12:56,25.8,3.6,93.2
108,2022-08-08 13:16,25.1,4.3,93.9
108,2022-08-08 13:26,25,2.7,94
108,2022-08-08 13:36,25,2.4,94.1
108,2022-08-08 13:46,25.1,2,94.2
108,2022-08-08 13:56,25.1,.8,94.4
108,2022-08-08 14:00,25.1,1.9,94.3
108,2022-08-08 14:39,25.3,2.1,94.5
108,2022-08-08 14:46,25.4,1.6,94.4
108,2022-08-08 14:49,25.4,1.6,94.5
108,2022-08-08 14:50,25.4,1.6,94.4
108,2022-08-08 14:51,25.4,1,94.6
108,2022-08-08 14:52,25.4,1,94.6
108,2022-08-08 14:53,25.4,1,94.5
108,2022-08-08 14:54,25.4,1.1,94.6
108,2022-08-08 14:55,25.4,1.4,94.9
108,2022-08-08 14:56,25.4,1.9,94.8
108,2022-08-08 14:57,25.4,2.4,94.5
108,2022-08-08 14:58,25.4,2.7,94.4
108,2022-08-08 14:59,25.4,2.7,94.5
108,2022-08-08 15:00,25.4,2.9,94.4
108,2022-08-08 15:01,25.4,2.5,94.5
108,2022-08-08 15:02,25.4,2.6,94.6
108,2022-08-08 15:03,25.4,2.6,94.6
108,2022-08-08 15:04,25.4,2.6,94.5
108,2022-08-08 15:05,25.4,3.2,94.7
108,2022-08-08 15:06,25.4,3.5,94.7
108,2022-08-08 15:07,25.4,3.4,94.5
108,2022-08-08 15:08,25.4,2.3,94.7
108,2022-08-08 15:09,25.4,1.9,94.4
108,2022-08-08 15:10,25.4,.7,94.4
108,2022-08-08 15:11,25.4,.4,94.5
108,2022-08-08 15:12,25.5,.4,94.6
108,2022-08-08 15:13,25.5,1.9,94.6
108,2022-08-08 15:14,25.5,2.7,94.5
108,2022-08-08 15:15,25.5,2.9,94.7
108,2022-08-08 15:16,25.5,2.4,94.7
108,2022-08-08 15:17,25.5,1.5,94.6
108,2022-08-08 15:18,25.5,1.2,94.9
108,2022-08-08 15:19,25.5,1.8,94.8
108,2022-08-08 15:20,25.5,2.3,94.8
108,2022-08-08 15:21,25.5,1.1,94.7
108,2022-08-08 15:22,25.5,.9,94.6
108,2022-08-08 15:23,25.5,2,95
108,2022-08-08 15:24,25.5,2.8,94.9
108,2022-08-08 15:25,25.5,2.6,95.1
108,2022-08-08 15:26,25.5,3,94.9
108,2022-08-08 15:27,25.5,3.9,95.3
108,2022-08-08 15:28,25.5,3.7,95
108,2022-08-08 15:29,25.5,.7,95
108,2022-08-08 15:30,25.5,1.8,95.3
108,2022-08-08 15:31,25.5,2.9,95.3
108,2022-08-08 15:32,25.5,3.4,95.4
108,2022-08-08 15:33,25.5,3,95.5
108,2022-08-08 15:34,25.5,1.8,95.5
108,2022-08-08 15:35,25.5,1.7,95.5
108,2022-08-08 15:36,25.5,2.2,95.4
108,2022-08-08 15:37,25.5,2.5,95.5
108,2022-08-08 15:38,25.5,2.3,95.4
108,2022-08-08 15:39,25.5,1.9,95.5
108,2022-08-08 15:40,25.5,1.7,95.4
108,2022-08-08 15:41,25.5,2,95.5
108,2022-08-08 15:42,25.5,.9,95.7
108,2022-08-08 15:43,25.5,1.1,95.4
108,2022-08-08 15:44,25.5,2.5,95.5
108,2022-08-08 15:45,25.5,2.6,95.6
108,2022-08-08 15:46,25.5,2.5,95.4
108,2022-08-08 15:47,25.6,1.9,95.7
108,2022-08-08 15:48,25.6,2.1,95.5
108,2022-08-08 15:49,25.6,1.8,95.4
108,2022-08-08 15:50,25.6,1.3,95.4
108,2022-08-08 15:51,25.6,1.4,95.6
108,2022-08-08 15:52,25.6,1.2,95.5
108,2022-08-08 15:53,25.6,1.2,95.5
108,2022-08-08 15:54,25.6,1,95.4
108,2022-08-08 15:55,25.6,1,95.8
108,2022-08-08 15:56,25.7,2.3,95.7
108,2022-08-08 15:57,25.7,2.1,95.6
108,2022-08-08 15:58,25.6,1.7,95.7
108,2022-08-08 15:59,25.7,1.2,95.6
108,2022-08-08 16:00,25.7,2.3,95.8
108,2022-08-08 16:01,25.7,1.3,95.7
108,2022-08-08 16:02,25.7,1.4,96
108,2022-08-08 16:03,25.7,1.4,95.7
108,2022-08-08 16:04,25.7,1.7,95.6
108,2022-08-08 16:05,25.7,1.2,95.8
108,2022-08-08 16:06,25.7,.8,95.8
108,2022-08-08 16:07,25.7,.7,96.1
108,2022-08-08 16:08,25.7,.5,95.7
108,2022-08-08 16:09,25.8,.7,95.9
108,2022-08-08 16:10,25.8,.3,95.8
108,2022-08-08 16:11,25.8,.5,95.7
108,2022-08-08 16:12,25.8,.7,95.9
108,2022-08-08 16:13,25.8,.6,95.8
108,2022-08-08 16:14,25.8,1.7,95.9
108,2022-08-08 16:15,25.9,1.1,96
108,2022-08-08 16:16,25.9,1.3,96.2
108,2022-08-08 16:17,25.9,2.1,95.9
108,2022-08-08 16:18,25.9,2.6,96
108,2022-08-08 16:19,25.9,2.2,96.2
108,2022-08-08 16:20,25.9,2.4,96
108,2022-08-08 16:21,25.9,2.6,96
108,2022-08-08 16:22,25.9,1.6,96
108,2022-08-08 16:23,25.9,1.7,96.2
108,2022-08-08 16:24,25.9,1.7,96.1
108,2022-08-08 16:25,25.9,.8,96.1
108,2022-08-08 16:26,25.9,1,96.2
108,2022-08-08 16:27,25.9,1.1,96
108,2022-08-08 16:28,25.9,1.5,96.1
108,2022-08-08 16:29,26,1.3,96.1
108,2022-08-08 16:30,26,1.6,96.4
108,2022-08-08 16:31,26,.6,96.2
108,2022-08-08 16:32,26,2.1,96
108,2022-08-08 16:33,26,1.4,96.1
108,2022-08-08 16:34,26,1.9,96
108,2022-08-08 16:35,26,2.2,96
108,2022-08-08 16:36,26,1.3,96.1
108,2022-08-08 16:37,26.1,1.1,96.1
108,2022-08-08 16:38,26.1,.6,96.1
108,2022-08-08 16:39,26.1,.4,96.1
108,2022-08-08 16:40,26.1,.5,96.1
108,2022-08-08 16:41,26.1,1,96
108,2022-08-08 16:42,26.1,1.8,96
108,2022-08-08 16:43,26.1,2.2,96
108,2022-08-08 16:44,26.1,2.3,96.3
108,2022-08-08 16:45,26.1,2.4,96
108,2022-08-08 16:46,26.1,4.6,96
108,2022-08-08 16:47,26.1,3.4,96.1
108,2022-08-08 16:48,26.1,2.5,96.3
108,2022-08-08 16:49,26.2,3.7,96.1
108,2022-08-08 16:50,26.2,4.9,96.1
108,2022-08-08 16:51,26.2,3.1,96.2
108,2022-08-08 16:52,26.2,3.4,96.2
108,2022-08-08 16:53,26.2,3.5,96
108,2022-08-08 16:54,26.2,3.1,96.4
108,2022-08-08 16:55,26.3,2.6,96.1
108,2022-08-08 16:56,26.3,2.2,96.1
108,2022-08-08 16:57,26.3,2.1,96.5
108,2022-08-08 16:58,26.3,2.1,96
108,2022-08-08 16:59,26.3,1.7,96.2
108,2022-08-08 17:00,26.3,2.7,96.2
108,2022-08-08 17:01,26.3,3.3,96.4
108,2022-08-08 17:02,26.3,5,96.2
108,2022-08-08 17:03,26.3,3.2,96.1
108,2022-08-08 17:04,26.4,2.9,96.3
108,2022-08-08 17:05,26.4,2.4,96.2
108,2022-08-08 17:06,26.4,2.8,96.1
108,2022-08-08 17:07,26.4,3.2,96.2
108,2022-08-08 17:08,26.4,3,96.3
108,2022-08-08 17:09,26.4,4.5,96.2
108,2022-08-08 17:10,26.4,4.5,96.2
108,2022-08-08 17:11,26.4,3.1,96.2
108,2022-08-08 17:12,26.4,2.4,96.1
108,2022-08-08 17:13,26.4,1.9,96.1
108,2022-08-08 17:14,26.4,2.5,96.2
108,2022-08-08 17:15,26.4,1.7,96.2
108,2022-08-08 17:16,26.4,3.6,96
108,2022-08-08 17:17,26.4,3,96.1
108,2022-08-08 17:18,26.4,2.7,96.3
108,2022-08-08 17:19,26.4,2.9,96.1
108,2022-08-08 17:20,26.5,2.7,96.2
108,2022-08-08 17:21,26.4,4,96.1
108,2022-08-08 17:22,26.4,3.7,96.3
108,2022-08-08 17:23,26.4,3.6,96.2
108,2022-08-08 17:24,26.5,3,96.1
108,2022-08-08 17:25,26.4,1.8,96.2
108,2022-08-08 17:26,26.5,1.7,96.2
108,2022-08-08 17:27,26.5,3,96.1
108,2022-08-08 17:28,26.5,2.2,96.3
108,2022-08-08 17:29,26.5,1.5,96.2
108,2022-08-08 17:30,26.5,1.7,96.1
108,2022-08-08 17:31,26.5,3.1,96.2
108,2022-08-08 17:32,26.5,2.8,96.2
108,2022-08-08 17:33,26.5,1.4,96.2
108,2022-08-08 17:34,26.5,2.4,96.1
108,2022-08-08 17:35,26.5,1.7,96.2
108,2022-08-08 17:36,26.5,1.2,96.3
108,2022-08-08 17:37,26.5,2.2,96.4
108,2022-08-08 17:38,26.5,2.3,96.1
108,2022-08-08 17:39,26.5,4.2,96.4
108,2022-08-08 17:40,26.5,3.8,96.3
108,2022-08-08 17:41,26.5,2.9,96.2
108,2022-08-08 17:42,26.5,3.5,96.2
108,2022-08-08 17:43,26.6,5.1,96.3
108,2022-08-08 17:44,26.5,2.2,96.4
108,2022-08-08 17:45,26.5,2.2,96.3
108,2022-08-08 17:46,26.5,4.1,96.6
108,2022-08-08 17:47,26.6,5.7,96.5
108,2022-08-08 17:48,26.6,5,96.5
108,2022-08-08 17:49,26.6,7,96.7
108,2022-08-08 17:50,26.6,6,96.9
108,2022-08-08 17:51,26.5,5.5,96.8
108,2022-08-08 17:52,26.4,5.4,96.4
108,2022-08-08 17:53,26.1,7,95.6
108,2022-08-08 17:54,25.9,12.8,95.4
108,2022-08-08 17:55,25.9,8,95.3
108,2022-08-08 17:56,25.8,6.9,95.5
108,2022-08-08 17:57,25.7,5.5,95.3
108,2022-08-08 17:58,25.6,9.4,95.5
108,2022-08-08 17:59,25.6,9.9,95.1
108,2022-08-08 18:00,25.5,10,95.9
108,2022-08-08 18:01,25.5,8.9,95.6
108,2022-08-08 18:02,25.5,7.9,95.6
108,2022-08-08 18:03,25.5,6.4,95.2
108,2022-08-08 18:04,25.5,5.9,95.2
108,2022-08-08 18:05,25.5,5.4,95.2
108,2022-08-08 18:06,25.5,3.8,95.8
108,2022-08-08 18:07,25.5,3.1,95.3
108,2022-08-08 18:08,25.5,4.6,95.2
108,2022-08-08 18:09,25.5,5.5,95.4
108,2022-08-08 18:10,25.5,3.7,95.4
108,2022-08-08 18:11,25.5,3.7,95.3
108,2022-08-08 18:12,25.4,3.4,95.4
108,2022-08-08 18:13,25.4,3.4,95.3
108,2022-08-08 18:14,25.4,2.6,95.4
108,2022-08-08 18:15,25.4,2.6,95.3
108,2022-08-08 18:16,25.4,2.9,95.4
108,2022-08-08 18:17,25.4,2.7,95.4
108,2022-08-08 18:18,25.4,2,95.3
108,2022-08-08 18:19,25.4,1.9,95.4
108,2022-08-08 18:20,25.4,2.6,95.9
108,2022-08-08 18:21,25.4,4.8,95.1
108,2022-08-08 18:22,25.4,5.2,95.8
108,2022-08-08 18:23,25.4,5.1,95.4
108,2022-08-08 18:24,25.4,4,95.4
108,2022-08-08 18:25,25.4,3.8,95
108,2022-08-08 18:26,25.4,4.2,95.4
108,2022-08-08 18:27,25.4,4.2,95.2
108,2022-08-08 18:28,25.4,3.6,95.3
108,2022-08-08 18:29,25.4,2.5,95.2
108,2022-08-08 18:30,25.4,2.8,95.5
108,2022-08-08 18:31,25.4,3.6,95.4
108,2022-08-08 18:32,25.4,3.4,95.3
108,2022-08-08 18:33,25.4,2.7,96.1
108,2022-08-08 18:34,25.4,3,95.5
108,2022-08-08 18:35,25.4,1.7,95.7
108,2022-08-08 18:36,25.4,1.8,95.7
108,2022-08-08 18:37,25.4,3.5,95.6
108,2022-08-08 18:38,25.4,2.5,95.9
108,2022-08-08 18:39,25.4,1.3,95.8
108,2022-08-08 18:40,25.4,2.6,95.9
108,2022-08-08 18:41,25.4,2.9,96
108,2022-08-08 18:42,25.4,2.7,96
108,2022-08-08 18:43,25.4,2.3,95.9
108,2022-08-08 18:44,25.4,2.5,96.1
108,2022-08-08 18:45,25.4,2.7,96.2
108,2022-08-08 18:46,25.4,3.5,96.2
108,2022-08-08 18:47,25.5,3.4,96.2
108,2022-08-08 18:48,25.5,2.9,96.2
108,2022-08-08 18:49,25.5,1.8,96.1
108,2022-08-08 18:50,25.5,3.1,96.2
108,2022-08-08 18:51,25.5,3,96.3
108,2022-08-08 18:52,25.5,1.4,96.4
108,2022-08-08 18:53,25.5,1.6,96.2
108,2022-08-08 18:54,25.5,2.1,96.2
108,2022-08-08 18:55,25.5,2.6,96.5
108,2022-08-08 18:56,25.5,2.3,96.3
108,2022-08-08 18:57,25.6,3.1,96.3
108,2022-08-08 18:58,25.6,3.3,96.4
108,2022-08-08 18:59,25.6,2.8,96.5
108,2022-08-08 19:00,25.6,2.4,96.4
108,2022-08-08 19:01,25.6,2.7,96.3
108,2022-08-08 19:02,25.6,1.9,96.4
108,2022-08-08 19:03,25.7,3.4,96.3
108,2022-08-08 19:04,25.7,2.4,96.4
108,2022-08-08 19:05,25.7,2.4,96.4
108,2022-08-08 19:06,25.7,2,96.6
108,2022-08-08 19:07,25.7,2.3,96.5
108,2022-08-08 19:08,25.7,2.3,96.3
108,2022-08-08 19:09,25.8,2.7,96.7
108,2022-08-08 19:10,25.8,2.8,96.5
108,2022-08-08 19:11,25.8,2.6,96.5
108,2022-08-08 19:12,25.8,1.8,96.4
108,2022-08-08 19:13,25.8,1.8,96.6
108,2022-08-08 19:14,25.8,1.7,96.6
108,2022-08-08 19:15,25.8,1.7,96.6
108,2022-08-08 19:16,25.8,2.3,96.9
108,2022-08-08 19:17,25.9,1.9,96.6
108,2022-08-08 19:18,25.9,2.3,96.8
108,2022-08-08 19:19,25.9,2.3,96.9
108,2022-08-08 19:20,25.9,2.1,96.8
108,2022-08-08 19:21,25.9,2.1,96.7
108,2022-08-08 19:22,26,2.3,96.7
108,2022-08-08 19:23,26,2.4,96.9
108,2022-08-08 19:24,26,2.5,96.7
108,2022-08-08 19:25,26,1.3,96.7
108,2022-08-08 19:26,26,2.1,96.7
108,2022-08-08 19:27,26,2.6,96.8
108,2022-08-08 19:28,26,1.9,96.8
108,2022-08-08 19:29,26,1.8,96.7
108,2022-08-08 19:30,26,2.1,97
108,2022-08-08 19:31,26,2.7,96.8
108,2022-08-08 19:32,26,2.4,96.8
108,2022-08-08 19:33,26,2,96.8
108,2022-08-08 19:34,26.1,1.6,96.9
108,2022-08-08 19:35,26,1.3,96.7
108,2022-08-08 19:36,26.1,1.7,96.8
108,2022-08-08 19:37,26.1,1.8,96.9
108,2022-08-08 19:38,26.1,2,97.1
108,2022-08-08 19:39,26.1,2.6,96.8
108,2022-08-08 19:40,26.1,1.8,96.8
108,2022-08-08 19:41,26.1,1.5,96.8
108,2022-08-08 19:42,26.1,1.6,96.8
108,2022-08-08 19:43,26.1,1.4,96.8
108,2022-08-08 19:44,26.1,1.2,97
108,2022-08-08 19:45,26.1,1.4,96.7
108,2022-08-08 19:46,26.1,1.3,96.9
108,2022-08-08 19:47,26.1,1.7,96.8
108,2022-08-08 19:48,26.2,2.1,96.8
108,2022-08-08 19:49,26.2,2.1,96.8
108,2022-08-08 19:50,26.2,2.3,96.7
108,2022-08-08 19:51,26.2,1.7,97.1
108,2022-08-08 19:52,26.2,2.1,96.8
108,2022-08-08 19:53,26.2,1.9,96.9
108,2022-08-08 19:54,26.2,1.9,96.9
108,2022-08-08 19:55,26.2,2.1,96.8
108,2022-08-08 19:56,26.2,1.9,96.8
108,2022-08-08 19:57,26.2,2,96.8
108,2022-08-08 19:58,26.2,1.9,96.9
108,2022-08-08 19:59,26.2,1.7,96.7
108,2022-08-08 20:00,26.2,.9,97
108,2022-08-08 20:01,26.2,.8,96.8
108,2022-08-08 20:02,26.2,.6,96.9
108,2022-08-08 20:03,26.2,.9,96.8
108,2022-08-08 20:04,26.2,.9,96.7
108,2022-08-08 20:05,26.2,.8,96.7
108,2022-08-08 20:06,26.2,.5,96.5
108,2022-08-08 20:07,26.2,.2,96.6
108,2022-08-08 20:08,26.2,1,96.6
108,2022-08-08 20:09,26.2,1.5,96.7
108,2022-08-08 20:10,26.2,1.3,96.6
108,2022-08-08 20:11,26.2,1.9,96.6
108,2022-08-08 20:12,26.2,2.6,96.7
108,2022-08-08 20:13,26.2,2.9,96.5
108,2022-08-08 20:14,26.2,2.3,96.8
108,2022-08-08 20:15,26.2,1.3,96.6
108,2022-08-08 20:16,26.2,2,96.8
108,2022-08-08 20:17,26.2,2.1,96.6
108,2022-08-08 20:18,26.2,2.5,96.6
108,2022-08-08 20:19,26.2,1.4,96.6
108,2022-08-08 20:20,26.2,.9,96.8
108,2022-08-08 20:21,26.2,1.4,96.5
108,2022-08-08 20:22,26.2,2.4,96.7
108,2022-08-08 20:23,26.2,1.9,96.6
108,2022-08-08 20:24,26.2,2.4,96.6
108,2022-08-08 20:25,26.2,2.3,96.6
108,2022-08-08 20:26,26.2,1.4,96.7
108,2022-08-08 20:27,26.2,1.6,96.8
108,2022-08-08 20:28,26.2,2,96.5
108,2022-08-08 20:29,26.2,2.1,97
108,2022-08-08 20:30,26.1,2,96.6
108,2022-08-08 20:31,26.1,2,96.7
108,2022-08-08 20:32,26.1,1.7,96.7
108,2022-08-08 20:33,26.1,2,96.8
108,2022-08-08 20:34,26.1,1.7,96.7
108,2022-08-08 20:35,26.1,1.4,96.7
108,2022-08-08 20:36,26.1,.7,96.9
108,2022-08-08 20:37,26.1,1.3,96.9
108,2022-08-08 20:38,26.1,1.5,96.9
108,2022-08-08 20:39,26.1,1.7,96.7
108,2022-08-08 20:40,26.1,2.7,96.8
108,2022-08-08 20:41,26.1,2.7,96.6
108,2022-08-08 20:42,26.1,3.9,96.8
108,2022-08-08 20:43,26.1,4.6,96.8
108,2022-08-08 20:44,26,4.4,96.5
108,2022-08-08 20:45,26,3.3,96.4
108,2022-08-08 20:46,26,5.2,96.4
108,2022-08-08 20:47,26,3.7,96.5
108,2022-08-08 20:48,26,2.6,96.2
108,2022-08-08 20:49,26,2.1,96.4
108,2022-08-08 20:50,26,2.5,96.3
108,2022-08-08 20:51,26,2.5,96.3
108,2022-08-08 20:52,26,1.4,96.1
108,2022-08-08 20:53,25.9,1.7,96.1
108,2022-08-08 20:54,25.9,2.3,96.1
108,2022-08-08 20:55,25.9,2.3,95.9
108,2022-08-08 20:56,25.9,2.7,96.4
108,2022-08-08 20:57,25.9,2.3,96.2
108,2022-08-08 20:58,25.9,1.8,96.2
108,2022-08-08 20:59,25.9,2.2,96
108,2022-08-08 21:00,25.9,2.2,96.2
108,2022-08-08 21:01,25.9,2,96
108,2022-08-08 21:02,25.9,2.2,96
108,2022-08-08 21:03,25.9,2.5,96.1
108,2022-08-08 21:04,25.9,1.7,96.2
108,2022-08-08 21:05,25.9,2.1,96.3
108,2022-08-08 21:06,25.9,1.8,96.1
108,2022-08-08 21:07,25.9,1.9,96.2
108,2022-08-08 21:08,25.9,1.9,96.1
108,2022-08-08 21:09,25.9,1.8,96.2
108,2022-08-08 21:10,25.9,1.8,96.2
108,2022-08-08 21:11,25.9,1.8,96.2
108,2022-08-08 21:12,25.9,1.6,96.3
108,2022-08-08 21:13,25.9,2.3,96.2
108,2022-08-08 21:14,25.9,2,96.4
108,2022-08-08 21:15,25.9,1.5,96.1
108,2022-08-08 21:16,25.9,1.9,96.3
108,2022-08-08 21:17,25.9,2.1,96.3
108,2022-08-08 21:18,26,2,96.4
108,2022-08-08 21:19,26,2.1,96.5
108,2022-08-08 21:20,26,2.5,96.3
108,2022-08-08 21:21,26,2.6,96.5
108,2022-08-08 21:22,26,2.6,96.5
108,2022-08-08 21:23,26,2.6,96.5
108,2022-08-08 21:24,26,2.3,96.6
108,2022-08-08 21:25,26,1.3,96.6
108,2022-08-08 21:26,25.9,1.1,96.7
108,2022-08-08 21:27,25.9,2.5,96.6
108,2022-08-08 21:28,26,1,96.8
108,2022-08-08 21:29,26,.6,96.7
108,2022-08-08 21:30,25.9,1.3,96.6
108,2022-08-08 21:31,26,.9,96.8
108,2022-08-08 21:32,26,.9,96.8
108,2022-08-08 21:33,26,.6,96.7
108,2022-08-08 21:34,26,1,96.7
108,2022-08-08 21:35,26,.8,96.9
108,2022-08-08 21:36,25.9,.7,96.7
108,2022-08-08 21:37,25.9,.8,96.8
108,2022-08-08 21:38,26,.8,96.8
108,2022-08-08 21:39,25.9,.6,96.8
108,2022-08-08 21:40,25.9,.2,96.7
108,2022-08-08 21:41,25.9,.6,96.6
108,2022-08-08 21:42,25.9,1.2,96.8
108,2022-08-08 21:43,25.9,2,96.6
108,2022-08-08 21:44,26,2.3,96.7
108,2022-08-08 21:45,25.9,2.9,96.7
108,2022-08-08 21:46,26,1.9,96.7
108,2022-08-08 21:47,26,1.8,96.7
108,2022-08-08 21:48,26,1.9,96.7
108,2022-08-08 21:49,26,1.3,96.8
108,2022-08-08 21:50,26,.6,96.7
108,2022-08-08 21:51,26,.3,96.7
108,2022-08-08 21:52,26,.8,96.9
108,2022-08-08 21:53,26,1.1,97
108,2022-08-08 21:54,26,1,96.7
108,2022-08-08 21:55,26,2,96.8
108,2022-08-08 21:56,26,2.9,96.9
108,2022-08-08 21:57,26,2.7,96.8
108,2022-08-08 21:58,26,2.7,96.9
108,2022-08-08 21:59,26,3.4,96.9
108,2022-08-08 22:00,26,2.7,96.8
108,2022-08-08 22:01,26,2.6,97
108,2022-08-08 22:02,26,1.6,97
108,2022-08-08 22:03,26,1.3,97
108,2022-08-08 22:04,26,1.4,97
108,2022-08-08 22:05,26,1.9,96.9
108,2022-08-08 22:06,26,1,97
108,2022-08-08 22:07,26,1,97.1
108,2022-08-08 22:08,26,.5,97
108,2022-08-08 22:09,26,1.2,97
108,2022-08-08 22:10,26,1.1,97.1
108,2022-08-08 22:11,26,.3,96.9
108,2022-08-08 22:12,26,0,96.9
108,2022-08-08 22:13,26,.8,97.3
108,2022-08-08 22:14,26,1,96.9
108,2022-08-08 22:15,26,1.2,97
108,2022-08-08 22:16,26,.7,97
108,2022-08-08 22:17,26,0,97
108,2022-08-08 22:18,26,0,96.9
108,2022-08-08 22:19,25.9,0,96.9
108,2022-08-08 22:20,26,0,97
108,2022-08-08 22:21,26,0,96.9
108,2022-08-08 22:22,26,0,97
108,2022-08-08 22:23,26,.3,96.9
108,2022-08-08 22:24,26,.3,96.9
108,2022-08-08 22:25,26,.1,97
108,2022-08-08 22:26,26,0,96.9
108,2022-08-08 22:27,26,.1,97
108,2022-08-08 22:28,26,.5,96.8
108,2022-08-08 22:29,26,.5,96.9
108,2022-08-08 22:30,26,.3,97
108,2022-08-08 22:31,26,.4,96.9
108,2022-08-08 22:32,26,.2,96.8
108,2022-08-08 22:33,26,.3,96.8
108,2022-08-08 22:34,26,.5,97
108,2022-08-08 22:35,26,.7,96.9
108,2022-08-08 22:36,26,.7,96.9
108,2022-08-08 22:37,26,.6,96.9
108,2022-08-08 22:38,26,1,97
108,2022-08-08 22:39,26,1.1,97
108,2022-08-08 22:40,25.9,1.4,97
108,2022-08-08 22:41,26,1.3,96.8
108,2022-08-08 22:42,25.9,1.3,96.8
108,2022-08-08 22:43,26,1.1,97
108,2022-08-08 22:44,26,.8,96.9
108,2022-08-08 22:45,26,.2,97
108,2022-08-08 22:46,25.9,.4,97
108,2022-08-08 22:47,26,.1,96.9
108,2022-08-08 22:48,25.9,.4,96.9
108,2022-08-08 22:49,25.9,.6,97
108,2022-08-08 22:50,26,.6,96.9
108,2022-08-08 22:51,25.9,.7,96.9
108,2022-08-08 22:52,26,.7,97.2
108,2022-08-08 22:53,25.9,.5,96.9
108,2022-08-08 22:54,26,.2,96.8
108,2022-08-08 22:55,26,0,96.8
108,2022-08-08 22:56,25.9,.1,96.9
108,2022-08-08 22:57,25.9,.4,96.9
108,2022-08-08 22:58,25.9,.5,96.7
108,2022-08-08 22:59,25.9,.2,96.7
108,2022-08-08 23:00,25.9,.1,96.8
108,2022-08-08 23:01,25.9,0,96.8
108,2022-08-08 23:02,25.9,0,96.9
108,2022-08-08 23:03,26,0,96.8
108,2022-08-08 23:04,26,0,96.7
108,2022-08-08 23:05,26,0,96.8
108,2022-08-08 23:06,26,0,96.8
108,2022-08-08 23:07,26,0,97
108,2022-08-08 23:08,26,.1,96.8
108,2022-08-08 23:09,26,.6,96.7
108,2022-08-08 23:10,26,.2,96.8
108,2022-08-08 23:11,26,.3,96.7
108,2022-08-08 23:12,26,.3,96.7
108,2022-08-08 23:13,25.9,.1,96.7
108,2022-08-08 23:14,26,.1,96.8
108,2022-08-08 23:15,25.9,.5,96.9
108,2022-08-08 23:16,25.9,.4,96.7
108,2022-08-08 23:17,25.9,1.1,96.8
108,2022-08-08 23:18,25.9,1.7,96.7
108,2022-08-08 23:19,25.9,1.5,96.6
108,2022-08-08 23:20,25.9,1.4,96.8
108,2022-08-08 23:21,25.9,1.2,96.7
108,2022-08-08 23:22,26,1.3,96.8
108,2022-08-08 23:23,25.9,1.3,96.6
108,2022-08-08 23:24,26,1.2,96.7
108,2022-08-08 23:25,25.9,1.5,96.8
108,2022-08-08 23:26,25.9,1.5,96.5
108,2022-08-08 23:27,26,1.9,96.6
108,2022-08-08 23:28,26,1.6,96.7
108,2022-08-08 23:29,26,.7,96.8
108,2022-08-08 23:30,26,.2,96.7
108,2022-08-08 23:31,26,.3,96.8
108,2022-08-08 23:32,26,.1,96.8
108,2022-08-08 23:33,26,.4,96.9
108,2022-08-08 23:34,26,.8,96.7
108,2022-08-08 23:35,26,1.1,96.8
108,2022-08-08 23:36,26,1.4,96.8
108,2022-08-08 23:37,26,1.2,96.7
108,2022-08-08 23:38,26,1.1,96.8
108,2022-08-08 23:39,26,.8,96.9
108,2022-08-08 23:40,26,1,96.9
108,2022-08-08 23:41,26,1.5,96.6
108,2022-08-08 23:42,26,1.4,96.8
108,2022-08-08 23:43,26,.9,96.8
108,2022-08-08 23:44,26,.9,96.7
108,2022-08-08 23:45,26,.4,97
108,2022-08-08 23:46,26,0,96.8
108,2022-08-08 23:47,26,.1,96.7
108,2022-08-08 23:48,26,.4,96.7
108,2022-08-08 23:49,26,.8,96.6
108,2022-08-08 23:50,26,1,96.8
108,2022-08-08 23:51,26,1.6,96.7
108,2022-08-08 23:52,26,1.3,96.7
108,2022-08-08 23:53,26,1.3,97
108,2022-08-08 23:54,26,.7,96.8
108,2022-08-08 23:55,26,1.1,96.7
108,2022-08-08 23:56,26,1,96.7
108,2022-08-08 23:57,26,.7,96.8
108,2022-08-08 23:58,26,.4,97
108,2022-08-08 23:59,26,0,96.8
108,2022-08-09 00:00,26,0,96.7
116,2022-08-08 00:01,23.4,5,98.9
116,2022-08-08 00:02,23.4,4.8,98.9
116,2022-08-08 00:03,23.4,5.9,98.9
116,2022-08-08 00:04,23.4,7.3,98.9
116,2022-08-08 00:05,23.4,5.3,98.9
116,2022-08-08 00:06,23.4,6.2,98.9
116,2022-08-08 00:07,23.4,4.5,98.9
116,2022-08-08 00:08,23.4,6.5,98.9
116,2022-08-08 00:09,23.4,3.9,98.9
116,2022-08-08 00:10,23.3,7.1,98.9
116,2022-08-08 00:11,23.4,6.7,98.9
116,2022-08-08 00:12,23.2,5.3,98.9
116,2022-08-08 00:13,23.1,6.7,98.9
116,2022-08-08 00:14,23.1,7.4,98.9
116,2022-08-08 00:15,23.2,7.6,98.9
116,2022-08-08 00:16,23.1,7.4,98.9
116,2022-08-08 00:17,23.2,4.1,98.9
116,2022-08-08 00:18,23.2,5.7,98.9
116,2022-08-08 00:19,23.1,5.1,98.9
116,2022-08-08 00:20,23.2,5.6,98.9
116,2022-08-08 00:21,23.2,7.7,98.9
116,2022-08-08 00:22,23.2,5.3,98.9
116,2022-08-08 00:23,23.2,7.9,98.9
116,2022-08-08 00:24,23.2,6.1,98.9
116,2022-08-08 00:25,23.3,8.3,98.9
116,2022-08-08 00:26,23,8.9,98.9
116,2022-08-08 00:27,23.1,3.9,98.9
116,2022-08-08 00:28,23.1,7.9,98.9
116,2022-08-08 00:29,23.2,7.2,98.9
116,2022-08-08 00:30,23.1,9.1,98.9
116,2022-08-08 00:31,23.1,7.5,98.9
116,2022-08-08 00:32,23.1,6,98.9
116,2022-08-08 00:33,23.2,8.3,98.9
116,2022-08-08 00:34,23.2,6.7,98.9
116,2022-08-08 00:35,23.2,8.5,98.9
116,2022-08-08 00:36,23.1,6.8,98.9
116,2022-08-08 00:37,23.1,7.5,98.9
116,2022-08-08 00:38,23.1,5.9,98.9
116,2022-08-08 00:39,23.1,5.8,98.9
116,2022-08-08 00:40,23.1,4.9,98.9
116,2022-08-08 00:41,23.1,7.4,98.9
116,2022-08-08 00:42,23.1,7,98.9
116,2022-08-08 00:43,23.1,7.2,98.9
116,2022-08-08 00:44,23.1,8,98.9
116,2022-08-08 00:45,23.1,6,98.9
116,2022-08-08 00:46,23.1,6.1,98.9
116,2022-08-08 00:47,23.1,7.6,98.9
116,2022-08-08 00:48,23.1,7.1,98.9
116,2022-08-08 00:49,23.1,5.6,98.9
116,2022-08-08 00:50,22.9,9.1,98.9
116,2022-08-08 00:51,23,8.3,98.9
116,2022-08-08 00:52,23.1,5.5,98.9
116,2022-08-08 00:53,23,6.7,98.9
116,2022-08-08 00:54,23.1,6,98.9
116,2022-08-08 00:55,23,8.8,98.9
116,2022-08-08 00:56,23,6.8,98.9
116,2022-08-08 00:57,23,6.5,98.9
116,2022-08-08 00:58,23,6.5,98.9
116,2022-08-08 00:59,23,6.2,98.9
116,2022-08-08 01:00,22.9,5.4,98.9
116,2022-08-08 01:01,23,8.1,98.9
116,2022-08-08 01:02,22.9,4.3,98.9
116,2022-08-08 01:03,23,7,98.9
116,2022-08-08 01:04,23,7.4,98.9
116,2022-08-08 01:05,23,6.7,98.9
116,2022-08-08 01:06,23,7.6,98.9
116,2022-08-08 01:07,23,4.5,98.9
116,2022-08-08 01:08,23,6.2,98.9
116,2022-08-08 01:09,23,7.8,98.9
116,2022-08-08 01:10,23,7.5,98.9
116,2022-08-08 01:11,23.1,6.2,98.9
116,2022-08-08 01:12,23.1,5.3,98.9
116,2022-08-08 01:13,23,6.8,98.9
116,2022-08-08 01:14,23.1,8.8,98.9
116,2022-08-08 01:15,23,5.4,98.9
116,2022-08-08 01:16,23,6.2,98.9
116,2022-08-08 01:17,23.1,6.6,98.9
116,2022-08-08 01:18,23,8.4,98.9
116,2022-08-08 01:19,23.1,8,98.9
116,2022-08-08 01:20,23.1,6.8,98.9
116,2022-08-08 01:21,23,6.8,98.9
116,2022-08-08 01:22,23,7.5,98.9
116,2022-08-08 01:23,23,5.2,98.9
116,2022-08-08 01:24,23,7.4,98.9
116,2022-08-08 01:25,23,5.1,98.9
116,2022-08-08 01:26,23,6.1,98.9
116,2022-08-08 01:27,23.1,9.4,98.9
116,2022-08-08 01:28,23.1,5.3,98.9
116,2022-08-08 01:29,23,6,98.9
116,2022-08-08 01:30,23.1,6.3,98.9
116,2022-08-08 01:31,23.1,9,98.9
116,2022-08-08 01:32,23.1,3.5,98.9
116,2022-08-08 01:33,23,6,98.9
116,2022-08-08 01:34,23.1,6.2,98.9
116,2022-08-08 01:35,23.1,5.4,98.9
116,2022-08-08 01:36,23.1,5.9,98.9
116,2022-08-08 01:37,23.1,7.2,98.9
116,2022-08-08 01:38,23.1,6.4,98.9
116,2022-08-08 01:39,23.1,7.3,98.9
116,2022-08-08 01:40,23.1,7.8,98.9
116,2022-08-08 01:41,23.1,6.6,98.9
116,2022-08-08 01:42,23.1,6.4,98.9
116,2022-08-08 01:43,23.1,5.5,98.9
116,2022-08-08 01:44,23,6.9,98.9
116,2022-08-08 01:45,23.1,7.8,98.9
116,2022-08-08 01:46,23.1,6.1,98.9
116,2022-08-08 01:47,23.1,4.7,98.9
116,2022-08-08 01:48,23.1,1.9,98.9
116,2022-08-08 01:49,23.1,5.5,98.9
116,2022-08-08 01:50,23.1,4.9,98.9
116,2022-08-08 01:51,23.1,3.3,98.9
116,2022-08-08 01:52,23.1,4.5,98.9
116,2022-08-08 01:53,23.1,5.4,98.9
116,2022-08-08 01:54,23.1,6.7,98.9
116,2022-08-08 01:55,23.1,5.8,98.9
116,2022-08-08 01:56,23.1,5,98.9
116,2022-08-08 01:57,23.1,5.9,98.9
116,2022-08-08 01:58,23.1,2.6,98.9
116,2022-08-08 01:59,23.2,5.1,98.9
116,2022-08-08 02:00,23.2,6.4,98.9
116,2022-08-08 02:01,23.1,4.2,98.9
116,2022-08-08 02:02,23.1,5,98.9
116,2022-08-08 02:03,23.1,9.2,98.9
116,2022-08-08 02:04,23.1,6.4,98.9
116,2022-08-08 02:05,23.1,7.3,98.9
116,2022-08-08 02:06,23.2,4.5,98.9
116,2022-08-08 02:07,23.1,5.7,98.9
116,2022-08-08 02:08,23.1,6.7,98.9
116,2022-08-08 02:09,23.1,5.6,98.9
116,2022-08-08 02:10,23.1,5.3,98.9
116,2022-08-08 02:11,23.1,7.5,98.9
116,2022-08-08 02:12,23.1,5.3,98.9
116,2022-08-08 02:13,23.1,5.6,98.9
116,2022-08-08 02:14,23.1,6.7,98.9
116,2022-08-08 02:15,23.1,4.4,98.9
116,2022-08-08 02:16,23.1,5.2,98.9
116,2022-08-08 02:17,23.1,5.5,98.9
116,2022-08-08 02:18,23.1,4.6,98.9
116,2022-08-08 02:19,23.1,7.6,98.9
116,2022-08-08 02:20,23.1,4.9,98.9
116,2022-08-08 02:21,23.1,5.5,98.9
116,2022-08-08 02:22,23.1,4.1,98.9
116,2022-08-08 02:23,23.1,3.1,98.9
116,2022-08-08 02:24,23.1,3.3,98.9
116,2022-08-08 02:25,23.2,5.2,98.9
116,2022-08-08 02:26,23.2,5.5,98.9
116,2022-08-08 02:27,23.1,5.4,98.9
116,2022-08-08 02:28,23.1,4.3,98.9
116,2022-08-08 02:29,23.1,6.4,98.9
116,2022-08-08 02:30,23.1,8.2,98.9
116,2022-08-08 02:31,23,5,98.9
116,2022-08-08 02:32,23,3.1,98.9
116,2022-08-08 02:33,23.1,6.9,98.9
116,2022-08-08 02:34,23.1,5.5,98.9
116,2022-08-08 02:35,23.1,5.4,98.9
116,2022-08-08 02:36,23,6.2,98.9
116,2022-08-08 02:37,22.9,6,98.9
116,2022-08-08 02:38,23.1,5.5,98.9
116,2022-08-08 02:39,23,6.4,98.9
116,2022-08-08 02:40,23,5.2,98.9
116,2022-08-08 02:41,23,6.3,98.9
116,2022-08-08 02:42,23.1,5.4,98.9
116,2022-08-08 02:43,23,6.3,98.9
116,2022-08-08 02:44,23,2.9,98.9
116,2022-08-08 02:45,23,6.1,98.9
116,2022-08-08 02:46,23.1,5.7,98.9
116,2022-08-08 02:47,23,5.4,98.9
116,2022-08-08 02:48,23,5.8,98.9
116,2022-08-08 02:49,23.1,4.1,98.9
116,2022-08-08 02:50,23.1,7.4,98.9
116,2022-08-08 02:51,23,9.3,98.9
116,2022-08-08 02:52,23.1,6.2,98.9
116,2022-08-08 02:53,23.1,5.3,98.9
116,2022-08-08 02:54,23,4.5,98.9
116,2022-08-08 02:55,23,6.5,98.9
116,2022-08-08 02:56,23.1,6.6,98.9
116,2022-08-08 02:57,23.1,6.7,98.9
116,2022-08-08 02:58,23.1,7.6,98.9
116,2022-08-08 02:59,23,4.6,98.9
116,2022-08-08 03:00,23,4.8,98.9
116,2022-08-08 03:01,23,4.9,98.9
116,2022-08-08 03:02,23,8.7,98.9
116,2022-08-08 03:03,23,4.6,98.9
116,2022-08-08 03:04,23.1,4,98.9
116,2022-08-08 03:05,23.1,7.9,98.9
116,2022-08-08 03:06,23,7.7,98.9
116,2022-08-08 03:07,23,6.2,98.9
116,2022-08-08 03:08,23,7.3,98.9
116,2022-08-08 03:09,23,5.7,98.9
116,2022-08-08 03:10,23,4.6,98.9
116,2022-08-08 03:11,23,6.1,98.9
116,2022-08-08 03:12,23,5.2,98.9
116,2022-08-08 03:13,23,5.6,98.9
116,2022-08-08 03:14,23,5.4,98.9
116,2022-08-08 03:15,23,7.2,98.9
116,2022-08-08 03:16,22.9,6.3,98.9
116,2022-08-08 03:17,23,4,98.9
116,2022-08-08 03:18,23,6.3,98.9
116,2022-08-08 03:19,23,8.8,98.9
116,2022-08-08 03:20,22.9,4.5,98.9
116,2022-08-08 03:21,22.9,4.6,98.9
116,2022-08-08 03:22,23,5.6,98.9
116,2022-08-08 03:23,23,5.6,98.9
116,2022-08-08 03:24,22.9,3.9,98.9
116,2022-08-08 03:25,23,4.4,98.9
116,2022-08-08 03:26,23,7.6,98.9
116,2022-08-08 03:27,23,5.4,98.9
116,2022-08-08 03:28,23,4.3,98.9
116,2022-08-08 03:29,23,8.4,98.9
116,2022-08-08 03:30,22.9,5.4,98.9
116,2022-08-08 03:31,23,5.2,98.9
116,2022-08-08 03:32,23,6.5,98.9
116,2022-08-08 03:33,22.9,6.4,98.9
116,2022-08-08 03:34,23,5.1,98.9
116,2022-08-08 03:35,23,6.2,98.9
116,2022-08-08 03:36,23,4.4,98.9
116,2022-08-08 03:37,23,7.2,98.9
116,2022-08-08 03:38,22.9,5.8,98.9
116,2022-08-08 03:39,23,5.5,98.9
116,2022-08-08 03:40,23,4.5,98.9
116,2022-08-08 03:41,23,6.2,98.9
116,2022-08-08 03:42,23,8,98.9
116,2022-08-08 03:43,22.9,6.6,98.9
116,2022-08-08 03:44,22.9,6.7,98.9
116,2022-08-08 03:45,22.9,4.7,98.9
116,2022-08-08 03:46,22.9,6.7,98.9
116,2022-08-08 03:47,22.9,6.3,98.9
116,2022-08-08 03:48,22.9,6.6,98.9
116,2022-08-08 03:49,22.9,5.6,98.9
116,2022-08-08 03:50,22.9,5.9,98.9
116,2022-08-08 03:51,22.9,7.6,98.9
116,2022-08-08 03:52,22.9,7.4,98.9
116,2022-08-08 03:53,22.9,6.3,98.9
116,2022-08-08 03:54,22.9,5.9,98.9
116,2022-08-08 03:55,22.9,3.9,98.9
116,2022-08-08 03:56,22.9,6,98.9
116,2022-08-08 03:57,22.9,6.6,98.9
116,2022-08-08 03:58,23,5.6,98.9
116,2022-08-08 03:59,23,6.8,98.9
116,2022-08-08 04:00,23,9.1,98.9
116,2022-08-08 04:01,23,7.4,98.9
116,2022-08-08 04:02,23,8,98.9
116,2022-08-08 04:03,23,5,98.9
116,2022-08-08 04:04,23,6.7,98.9
116,2022-08-08 04:05,23,6.4,98.9
116,2022-08-08 04:06,23,4.7,98.9
116,2022-08-08 04:07,23,5,98.9
116,2022-08-08 04:08,23,7.1,98.9
116,2022-08-08 04:09,23,5.8,98.9
116,2022-08-08 04:10,23,4.6,98.9
116,2022-08-08 04:11,23,6.2,98.9
116,2022-08-08 04:12,23,7,98.9
116,2022-08-08 04:13,23,6.7,98.9
116,2022-08-08 04:14,23,5.8,98.9
116,2022-08-08 04:15,23,6.2,98.9
116,2022-08-08 04:16,22.9,6.4,98.9
116,2022-08-08 04:17,22.9,6.3,98.9
116,2022-08-08 04:18,22.8,6.8,98.9
116,2022-08-08 04:19,22.8,7.4,98.9
116,2022-08-08 04:20,22.8,5.9,98.9
116,2022-08-08 04:21,22.8,5,98.9
116,2022-08-08 04:22,22.8,3.4,98.9
116,2022-08-08 04:23,22.9,5.7,98.9
116,2022-08-08 04:24,22.8,6.8,98.9
116,2022-08-08 04:25,22.8,4.9,98.9
116,2022-08-08 04:26,22.8,4.5,98.9
116,2022-08-08 04:27,22.9,5.3,98.9
116,2022-08-08 04:28,22.9,4.8,98.9
116,2022-08-08 04:29,22.8,7.9,98.9
116,2022-08-08 04:30,22.8,6.9,98.9
116,2022-08-08 04:31,22.8,5.7,98.9
116,2022-08-08 04:32,22.8,6.3,98.9
116,2022-08-08 04:33,22.8,8.6,98.9
116,2022-08-08 04:34,22.8,5.6,98.9
116,2022-08-08 04:35,22.7,4.4,98.9
116,2022-08-08 04:36,22.7,4.7,98.9
116,2022-08-08 04:37,22.8,5.7,98.9
116,2022-08-08 04:38,22.8,5.3,98.9
116,2022-08-08 04:39,22.7,7.2,98.9
116,2022-08-08 04:40,22.6,6.1,98.9
116,2022-08-08 04:41,22.6,5.4,98.9
116,2022-08-08 04:42,22.6,7.5,98.9
116,2022-08-08 04:43,22.6,4.8,98.9
116,2022-08-08 04:44,22.7,4.4,98.9
116,2022-08-08 04:45,22.7,7.2,98.9
116,2022-08-08 04:46,22.6,6.1,98.9
116,2022-08-08 04:47,22.6,3.3,98.9
116,2022-08-08 04:48,22.7,3.8,98.9
116,2022-08-08 04:49,22.7,3.4,98.9
116,2022-08-08 04:50,22.7,3.4,98.9
116,2022-08-08 04:51,22.7,4.6,98.9
116,2022-08-08 04:52,22.6,5.6,98.9
116,2022-08-08 04:53,22.6,8.3,98.9
116,2022-08-08 04:54,22.6,5.4,98.9
116,2022-08-08 04:55,22.6,5.3,98.9
116,2022-08-08 04:56,22.6,5.2,98.9
116,2022-08-08 04:57,22.6,5.1,98.9
116,2022-08-08 04:58,22.6,3.8,98.9
116,2022-08-08 04:59,22.6,6.6,98.9
116,2022-08-08 05:00,22.6,6.3,98.9
116,2022-08-08 05:01,22.6,3.9,98.9
116,2022-08-08 05:02,22.6,7.1,98.9
116,2022-08-08 05:03,22.6,5.9,98.9
116,2022-08-08 05:04,22.6,4.5,98.9
116,2022-08-08 05:05,22.6,5.9,98.9
116,2022-08-08 05:06,22.6,7.7,98.9
116,2022-08-08 05:07,22.6,5.9,98.9
116,2022-08-08 05:08,22.6,6.5,98.9
116,2022-08-08 05:09,22.6,6.1,98.9
116,2022-08-08 05:10,22.6,4.9,98.9
116,2022-08-08 05:11,22.6,6.4,98.9
116,2022-08-08 05:12,22.6,6.6,98.9
116,2022-08-08 05:13,22.6,5.7,98.9
116,2022-08-08 05:14,22.6,7.6,98.9
116,2022-08-08 05:15,22.6,7.1,98.9
116,2022-08-08 05:16,22.6,5.5,98.9
116,2022-08-08 05:17,22.6,5.2,98.9
116,2022-08-08 05:18,22.6,8.5,98.9
116,2022-08-08 05:19,22.6,6.4,98.9
116,2022-08-08 05:20,22.6,5.7,98.9
116,2022-08-08 05:21,22.6,8.6,98.9
116,2022-08-08 05:22,22.6,5.9,98.9
116,2022-08-08 05:23,22.6,4.6,98.9
116,2022-08-08 05:24,22.6,5.1,98.9
116,2022-08-08 05:25,22.6,5.3,98.9
116,2022-08-08 05:26,22.5,5.4,98.9
116,2022-08-08 05:27,22.6,4.9,98.9
116,2022-08-08 05:28,22.6,6.8,98.9
116,2022-08-08 05:29,22.6,4.1,98.9
116,2022-08-08 05:30,22.5,6.4,98.9
116,2022-08-08 05:31,22.5,6,98.9
116,2022-08-08 05:32,22.5,5.2,98.9
116,2022-08-08 05:33,22.6,6.8,98.9
116,2022-08-08 05:34,22.6,5.3,98.9
116,2022-08-08 05:35,22.6,6,98.9
116,2022-08-08 05:36,22.6,6.7,98.9
116,2022-08-08 05:37,22.6,5.8,98.9
116,2022-08-08 05:38,22.6,5.1,98.9
116,2022-08-08 05:39,22.7,7.8,98.9
116,2022-08-08 05:40,22.7,5.3,98.9
116,2022-08-08 05:41,22.7,7.9,98.9
116,2022-08-08 05:42,22.6,5.1,98.9
116,2022-08-08 05:43,22.6,6.1,98.9
116,2022-08-08 05:44,22.6,6.5,98.9
116,2022-08-08 05:45,22.6,6.3,98.9
116,2022-08-08 05:46,22.7,6.7,98.9
116,2022-08-08 05:47,22.5,4.3,98.9
116,2022-08-08 05:48,22.5,6.8,98.9
116,2022-08-08 05:49,22.6,6.1,98.9
116,2022-08-08 05:50,22.6,8.4,98.9
116,2022-08-08 05:51,22.6,7,98.9
116,2022-08-08 05:52,22.6,5.4,98.9
116,2022-08-08 05:53,22.6,6.2,98.9
116,2022-08-08 05:54,22.6,8.2,98.9
116,2022-08-08 05:55,22.6,8.7,98.9
116,2022-08-08 05:56,22.6,6.2,98.9
116,2022-08-08 05:57,22.6,5,98.9
116,2022-08-08 05:58,22.6,2.3,98.9
116,2022-08-08 05:59,22.6,7.4,98.9
116,2022-08-08 06:00,22.7,5.6,98.9
116,2022-08-08 06:01,22.6,7.4,98.9
116,2022-08-08 06:02,22.7,6.9,98.9
116,2022-08-08 06:03,22.7,7.6,98.9
116,2022-08-08 06:04,22.7,7.3,98.9
116,2022-08-08 06:05,22.7,6.7,98.9
116,2022-08-08 06:06,22.7,8.7,98.9
116,2022-08-08 06:07,22.7,5.6,98.9
116,2022-08-08 06:08,22.8,6.1,98.9
116,2022-08-08 06:09,22.8,7.2,98.9
116,2022-08-08 06:10,22.8,6.9,98.9
116,2022-08-08 06:11,22.8,6.4,98.9
116,2022-08-08 06:12,22.8,9.2,98.9
116,2022-08-08 06:13,22.8,6.3,98.9
116,2022-08-08 06:14,22.8,8,98.9
116,2022-08-08 06:15,22.8,5.8,98.9
116,2022-08-08 06:16,22.8,4.9,98.9
116,2022-08-08 06:17,22.8,6,98.9
116,2022-08-08 06:18,22.8,7.4,98.9
116,2022-08-08 06:19,22.8,7.4,98.9
116,2022-08-08 06:20,22.8,5.6,98.9
116,2022-08-08 06:21,22.8,6.2,98.9
116,2022-08-08 06:22,22.8,7.1,98.9
116,2022-08-08 06:23,22.8,5.8,98.9
116,2022-08-08 06:24,22.8,6.4,98.9
116,2022-08-08 06:25,22.9,4.8,98.9
116,2022-08-08 06:26,22.9,6.8,98.9
116,2022-08-08 06:27,22.8,7.8,98.9
116,2022-08-08 06:28,22.8,7.4,98.9
116,2022-08-08 06:29,22.8,6.6,98.9
116,2022-08-08 06:30,22.8,7.9,98.9
116,2022-08-08 06:31,22.8,6.8,98.9
116,2022-08-08 06:32,22.8,7,98.9
116,2022-08-08 06:33,22.8,7.5,98.9
116,2022-08-08 06:34,22.8,4.6,98.9
116,2022-08-08 06:35,22.8,7.6,98.9
116,2022-08-08 06:36,22.8,6.9,98.9
116,2022-08-08 06:37,22.8,6.1,98.9
116,2022-08-08 06:38,22.8,6.8,98.9
116,2022-08-08 06:39,22.8,6.4,98.9
116,2022-08-08 06:40,22.9,5.7,98.9
116,2022-08-08 06:41,22.9,6.2,98.9
116,2022-08-08 06:42,22.9,6.8,98.9
116,2022-08-08 06:43,22.8,5,98.9
116,2022-08-08 06:44,22.9,8,98.9
116,2022-08-08 06:45,22.9,4.5,98.9
116,2022-08-08 06:46,22.8,5.8,98.9
116,2022-08-08 06:47,22.8,6.8,98.9
116,2022-08-08 06:48,22.8,10.2,98.9
116,2022-08-08 06:49,22.8,4,98.9
116,2022-08-08 06:50,22.9,7.4,98.9
116,2022-08-08 06:51,22.9,4.6,98.9
116,2022-08-08 06:52,22.9,5.9,98.9
116,2022-08-08 06:53,22.9,8.3,98.9
116,2022-08-08 06:54,22.9,6.8,98.9
116,2022-08-08 06:55,22.9,7.7,98.9
116,2022-08-08 06:56,22.9,6.1,98.9
116,2022-08-08 06:57,22.9,5.3,98.9
116,2022-08-08 06:58,22.9,7.3,98.9
116,2022-08-08 06:59,22.9,5.6,98.9
116,2022-08-08 07:00,22.8,8.1,98.9
116,2022-08-08 07:01,22.8,7.3,98.9
116,2022-08-08 07:02,22.8,7.6,98.9
116,2022-08-08 07:03,22.8,8.1,98.9
116,2022-08-08 07:04,22.8,5.7,98.9
116,2022-08-08 07:05,22.8,5.7,98.9
116,2022-08-08 07:06,22.8,3.2,98.9
116,2022-08-08 07:07,22.8,5.2,98.9
116,2022-08-08 07:08,22.9,7.9,98.9
116,2022-08-08 07:09,22.9,5.2,98.9
116,2022-08-08 07:10,22.9,7.1,98.9
116,2022-08-08 07:11,22.8,5.9,98.9
116,2022-08-08 07:12,22.9,5.4,98.9
116,2022-08-08 07:13,22.9,5.6,98.9
116,2022-08-08 07:14,22.9,6.2,98.9
116,2022-08-08 07:15,22.8,5.8,98.9
116,2022-08-08 07:16,22.8,8.9,98.9
116,2022-08-08 07:17,22.8,7.7,98.9
116,2022-08-08 07:18,22.8,5.5,98.9
116,2022-08-08 07:19,22.8,6,98.9
116,2022-08-08 07:20,22.8,6.8,98.9
116,2022-08-08 07:21,22.9,5.8,98.9
116,2022-08-08 07:22,22.8,6.9,98.9
116,2022-08-08 07:23,22.8,6.2,98.9
116,2022-08-08 07:24,22.8,7.5,98.9
116,2022-08-08 07:25,22.8,7.7,98.9
116,2022-08-08 07:26,22.8,5.2,98.9
116,2022-08-08 07:27,22.8,6.3,98.9
116,2022-08-08 07:28,22.8,5.3,98.9
116,2022-08-08 07:29,22.8,6.4,98.9
116,2022-08-08 07:30,22.8,5,98.9
116,2022-08-08 07:31,22.8,6.1,98.9
116,2022-08-08 07:32,22.9,4.3,98.9
116,2022-08-08 07:33,22.8,7.2,98.9
116,2022-08-08 07:34,22.9,5.6,98.9
116,2022-08-08 07:35,22.9,6.5,98.9
116,2022-08-08 07:36,22.9,5.4,98.9
116,2022-08-08 07:37,22.9,5.2,98.9
116,2022-08-08 07:38,22.9,3.2,98.9
116,2022-08-08 07:39,22.9,7.4,98.9
116,2022-08-08 07:40,22.9,5.3,98.9
116,2022-08-08 07:41,22.9,6.4,98.9
116,2022-08-08 07:42,22.9,6,98.9
116,2022-08-08 07:43,22.9,7.8,98.9
116,2022-08-08 07:44,22.8,5.2,98.9
116,2022-08-08 07:45,22.9,2.5,98.9
116,2022-08-08 07:46,22.9,2.5,98.9
116,2022-08-08 07:47,22.9,5.1,98.9
116,2022-08-08 07:48,22.9,5.9,98.9
116,2022-08-08 07:49,22.9,3.9,98.9
116,2022-08-08 07:50,22.9,4.4,98.9
116,2022-08-08 07:51,22.9,4.1,98.9
116,2022-08-08 07:52,22.9,7.7,98.9
116,2022-08-08 07:53,22.9,6.4,98.9
116,2022-08-08 07:54,22.9,8.2,98.9
116,2022-08-08 07:55,22.9,5.2,98.9
116,2022-08-08 07:56,22.9,5.5,98.9
116,2022-08-08 07:57,22.9,3.7,98.9
116,2022-08-08 07:58,22.9,7,98.9
116,2022-08-08 07:59,22.9,5.4,98.9
116,2022-08-08 08:00,22.9,5.8,98.9
116,2022-08-08 08:01,22.9,4.5,98.9
116,2022-08-08 08:02,22.9,5.3,98.9
116,2022-08-08 08:03,22.9,6.4,98.9
116,2022-08-08 08:04,22.9,3.2,98.9
116,2022-08-08 08:05,22.9,6,98.9
116,2022-08-08 08:06,22.9,2.6,98.9
116,2022-08-08 08:07,22.9,6.2,98.9
116,2022-08-08 08:08,22.9,6.2,98.9
116,2022-08-08 08:09,22.9,6.5,98.9
116,2022-08-08 08:10,22.9,5.3,98.9
116,2022-08-08 08:11,22.9,8.5,98.9
116,2022-08-08 08:12,22.9,4.2,98.9
116,2022-08-08 08:13,22.9,4.7,98.9
116,2022-08-08 08:14,22.9,5.3,98.9
116,2022-08-08 08:15,22.9,4.2,98.9
116,2022-08-08 08:16,22.9,3.8,98.9
116,2022-08-08 08:17,22.9,4.5,98.9
116,2022-08-08 08:18,22.9,4.8,98.9
116,2022-08-08 08:19,22.9,5,98.9
116,2022-08-08 08:20,23,3.4,98.9
116,2022-08-08 08:21,22.9,5.4,98.9
116,2022-08-08 08:22,23,4.5,98.9
116,2022-08-08 08:23,23,6.7,98.9
116,2022-08-08 08:24,23,5.9,98.9
116,2022-08-08 08:25,23,5.9,98.9
116,2022-08-08 08:26,23,4.4,98.9
116,2022-08-08 08:27,23,4.8,98.9
116,2022-08-08 08:28,23,6.4,98.9
116,2022-08-08 08:29,23,3.7,98.9
116,2022-08-08 08:30,23,6,98.9
116,2022-08-08 08:31,23,3.9,98.9
116,2022-08-08 08:32,23,6.1,98.9
116,2022-08-08 08:33,23,2.8,98.9
116,2022-08-08 08:34,23,4.2,98.9
116,2022-08-08 08:35,23,5.6,98.9
116,2022-08-08 08:36,23,4.7,98.9
116,2022-08-08 08:37,23,5.7,98.9
116,2022-08-08 08:38,23,7.3,98.9
116,2022-08-08 08:39,23,5.4,98.9
116,2022-08-08 08:40,23,5.8,98.9
116,2022-08-08 08:41,23,4.2,98.9
116,2022-08-08 08:42,23,3.9,98.9
116,2022-08-08 08:43,23,5.6,98.9
116,2022-08-08 08:44,23,5,98.9
116,2022-08-08 08:45,23,4.6,98.9
116,2022-08-08 08:46,23,5.1,98.9
116,2022-08-08 08:47,23,3.3,98.9
116,2022-08-08 08:48,23,5.5,98.9
116,2022-08-08 08:49,23,5.8,98.9
116,2022-08-08 08:50,23,5.5,98.9
116,2022-08-08 08:51,23,4.8,98.9
116,2022-08-08 08:52,23,5,98.9
116,2022-08-08 08:53,23.1,4.2,98.9
116,2022-08-08 08:54,23,6.7,98.9
116,2022-08-08 08:55,23,6.5,98.9
116,2022-08-08 08:56,23,6.7,98.9
116,2022-08-08 08:57,23,6.1,98.9
116,2022-08-08 08:58,23,6.9,98.9
116,2022-08-08 08:59,23.1,7,98.9
116,2022-08-08 09:00,23.1,5.3,98.9
116,2022-08-08 09:01,23.1,4.4,98.9
116,2022-08-08 09:02,23.1,6.2,98.9
116,2022-08-08 09:03,23.1,6.3,98.9
116,2022-08-08 09:04,23.1,4,98.9
116,2022-08-08 09:05,23,5.4,98.9
116,2022-08-08 09:06,23.1,3.6,98.9
116,2022-08-08 09:07,23.1,5.6,98.9
116,2022-08-08 09:08,23,6.3,98.9
116,2022-08-08 09:09,23,5.3,98.9
116,2022-08-08 09:10,23,4.5,98.9
116,2022-08-08 09:11,23.1,3.6,98.9
116,2022-08-08 09:12,23.1,5,98.9
116,2022-08-08 09:13,23.1,7.7,98.9
116,2022-08-08 09:14,23.1,6.9,98.9
116,2022-08-08 09:15,23.1,2.6,98.9
116,2022-08-08 09:16,23.1,4.6,98.9
116,2022-08-08 09:17,23.1,5.3,98.9
116,2022-08-08 09:18,23.1,6.3,98.9
116,2022-08-08 09:19,23.1,4.7,98.9
116,2022-08-08 09:20,23.1,5.6,98.9
116,2022-08-08 09:21,23.1,5.8,98.9
116,2022-08-08 09:22,23.1,6.4,98.9
116,2022-08-08 09:23,23,6.7,98.9
116,2022-08-08 09:24,23.1,6.1,98.9
116,2022-08-08 09:25,23.1,6.7,98.9
116,2022-08-08 09:26,23.1,6.8,98.9
116,2022-08-08 09:27,23.1,5.7,98.9
116,2022-08-08 09:28,23.1,7.3,98.9
116,2022-08-08 09:29,23.1,6.6,98.9
116,2022-08-08 09:30,23.1,3.3,98.9
116,2022-08-08 09:31,23.1,7.8,98.9
116,2022-08-08 09:32,23.1,7.6,98.9
116,2022-08-08 09:33,23.1,6.2,98.9
116,2022-08-08 09:34,23.1,5.9,98.9
116,2022-08-08 09:35,23.1,4.2,98.9
116,2022-08-08 09:36,23.1,4.9,98.9
116,2022-08-08 09:37,23.1,5.4,98.9
116,2022-08-08 09:38,23.1,4.8,98.9
116,2022-08-08 09:39,23.1,2.6,98.9
116,2022-08-08 09:40,23.1,6.5,98.9
116,2022-08-08 09:41,23.1,4.5,98.9
116,2022-08-08 09:42,23.1,4,98.9
116,2022-08-08 09:43,23.1,8.4,98.8
116,2022-08-08 09:44,23.1,6,98.9
116,2022-08-08 09:45,23.1,4.4,98.9
116,2022-08-08 09:46,23.2,6.3,98.9
116,2022-08-08 09:47,23.1,4.5,98.9
116,2022-08-08 09:48,23.2,3.7,98.9
116,2022-08-08 09:49,23.2,5,98.9
116,2022-08-08 09:50,23.2,4.5,98.9
116,2022-08-08 09:51,23.2,8.8,98.9
116,2022-08-08 09:52,23.2,6.4,98.9
116,2022-08-08 09:53,23.2,6.9,98.9
116,2022-08-08 09:54,23.2,3.3,98.9
116,2022-08-08 09:55,23.2,5.7,98.9
116,2022-08-08 09:56,23.2,5.8,98.9
116,2022-08-08 09:57,23.2,5.8,98.9
116,2022-08-08 09:58,23.2,3.8,98.9
116,2022-08-08 09:59,23.2,6.4,98.9
116,2022-08-08 10:00,23.2,5,98.9
116,2022-08-08 10:01,23.2,5.4,98.9
116,2022-08-08 10:02,23.2,5.3,98.9
116,2022-08-08 10:03,23.2,7.9,98.9
116,2022-08-08 10:04,23.2,4.8,98.9
116,2022-08-08 10:05,23.2,5.3,98.9
116,2022-08-08 10:06,23.2,6.9,98.9
116,2022-08-08 10:07,23.2,4.4,98.9
116,2022-08-08 10:08,23.2,3.5,98.9
116,2022-08-08 10:09,23.2,6.1,98.9
116,2022-08-08 10:10,23.2,6.6,98.9
116,2022-08-08 10:11,23.2,6.1,98.9
116,2022-08-08 10:12,23.2,6.2,98.9
116,2022-08-08 10:13,23.2,5.8,98.9
116,2022-08-08 10:14,23.2,7.1,98.9
116,2022-08-08 10:15,23.2,7.1,98.9
116,2022-08-08 10:16,23.2,5.4,98.9
116,2022-08-08 10:17,23.2,7.6,98.9
116,2022-08-08 10:18,23.2,4.4,98.9
116,2022-08-08 10:19,23.2,8.1,98.9
116,2022-08-08 10:20,23.2,3.3,98.9
116,2022-08-08 10:21,23.2,5.6,98.9
116,2022-08-08 10:22,23.2,5.2,98.9
116,2022-08-08 10:23,23.3,5,98.9
116,2022-08-08 10:24,23.2,6.5,98.9
116,2022-08-08 10:25,23.3,5.5,98.9
116,2022-08-08 10:26,23.3,5.3,98.9
116,2022-08-08 10:27,23.3,5.9,98.9
116,2022-08-08 10:28,23.2,4.9,98.9
116,2022-08-08 10:29,23.2,5.4,98.9
116,2022-08-08 10:30,23.3,6.5,98.9
116,2022-08-08 10:31,23.3,8.1,98.9
116,2022-08-08 10:32,23.2,3.8,98.9
116,2022-08-08 10:33,23.2,5.8,98.9
116,2022-08-08 10:34,23.3,4.5,98.9
116,2022-08-08 10:35,23.2,9.2,98.9
116,2022-08-08 10:36,23.3,5.8,98.9
116,2022-08-08 10:37,23.3,5.9,98.9
116,2022-08-08 10:38,23.3,6.7,98.9
116,2022-08-08 10:39,23.3,5.8,98.9
116,2022-08-08 10:40,23.3,4.3,98.9
116,2022-08-08 10:41,23.3,7.6,98.9
116,2022-08-08 10:42,23.3,4.9,98.9
116,2022-08-08 10:43,23.3,5,98.9
116,2022-08-08 10:44,23.3,7.6,98.9
116,2022-08-08 10:45,23.3,7.6,98.9
116,2022-08-08 10:46,23.3,5.5,98.9
116,2022-08-08 10:47,23.3,6.1,98.9
116,2022-08-08 10:48,23.3,4.9,98.9
116,2022-08-08 10:49,23.3,6.4,98.9
116,2022-08-08 10:50,23.3,4.8,98.9
116,2022-08-08 10:51,23.3,5.2,98.9
116,2022-08-08 10:52,23.3,6.7,98.9
116,2022-08-08 10:53,23.3,2.6,98.9
116,2022-08-08 10:54,23.3,7.4,98.9
116,2022-08-08 10:55,23.3,4.7,98.9
116,2022-08-08 10:56,23.3,5.2,98.9
116,2022-08-08 10:57,23.3,9,98.9
116,2022-08-08 10:58,23.3,7,98.9
116,2022-08-08 10:59,23.3,4.5,98.9
116,2022-08-08 11:00,23.3,6.2,98.9
116,2022-08-08 11:01,23.3,5.4,98.9
116,2022-08-08 11:02,23.3,3.8,98.9
116,2022-08-08 11:03,23.3,7.4,98.9
116,2022-08-08 11:04,23.3,4.8,98.9
116,2022-08-08 11:05,23.3,6.2,98.9
116,2022-08-08 11:06,23.3,3.6,98.9
116,2022-08-08 11:07,23.3,6.5,98.9
116,2022-08-08 11:08,23.3,6.2,98.9
116,2022-08-08 11:09,23.3,4.9,98.9
116,2022-08-08 11:10,23.3,5.8,98.9
116,2022-08-08 11:11,23.3,7.7,98.9
116,2022-08-08 11:12,23.3,5,98.9
116,2022-08-08 11:13,23.3,5.6,98.9
116,2022-08-08 11:14,23.3,4.6,98.9
116,2022-08-08 11:15,23.3,4.1,98.9
116,2022-08-08 11:16,23.3,5,98.9
116,2022-08-08 11:17,23.3,3.6,98.9
116,2022-08-08 11:18,23.3,6.3,98.9
116,2022-08-08 11:19,23.3,5.3,98.9
116,2022-08-08 11:20,23.3,7.2,98.9
116,2022-08-08 11:21,23.3,8.2,98.9
116,2022-08-08 11:22,23.3,6.7,98.9
116,2022-08-08 11:23,23.3,3,98.9
116,2022-08-08 11:24,23.3,5.5,98.9
116,2022-08-08 11:25,23.3,3.3,98.9
116,2022-08-08 11:26,23.2,4.6,98.9
116,2022-08-08 11:27,23.3,7.2,98.9
116,2022-08-08 11:28,23.2,8.4,98.9
116,2022-08-08 11:29,23.2,7.3,98.9
116,2022-08-08 11:30,23.3,7.3,98.9
116,2022-08-08 11:31,23.3,7.5,98.9
116,2022-08-08 11:32,23.2,7.5,98.9
116,2022-08-08 11:33,23.2,6.4,98.9
116,2022-08-08 11:34,23.2,4.6,98.9
116,2022-08-08 11:35,23.3,7.1,98.9
116,2022-08-08 11:36,23.3,4.8,98.9
116,2022-08-08 11:37,23.3,6.5,98.9
116,2022-08-08 11:38,23.3,6.8,98.9
116,2022-08-08 11:39,23.3,8.5,98.9
116,2022-08-08 11:40,23.3,8.7,98.9
116,2022-08-08 11:41,23.3,5.1,98.9
116,2022-08-08 11:42,23.2,4.2,98.9
116,2022-08-08 11:43,23.3,6.5,98.9
116,2022-08-08 11:44,23.3,4,98.9
116,2022-08-08 11:45,23.3,7.6,98.9
116,2022-08-08 11:46,23.2,7.2,98.9
116,2022-08-08 11:47,23.3,5.2,98.9
116,2022-08-08 11:48,23.3,7.4,98.9
116,2022-08-08 11:49,23.3,6.2,98.9
116,2022-08-08 11:50,23.3,6.1,98.9
116,2022-08-08 11:51,23.3,5.2,98.9
116,2022-08-08 11:52,23.3,8.1,98.9
116,2022-08-08 11:53,23.3,6.8,98.9
116,2022-08-08 11:54,23.3,7,98.9
116,2022-08-08 11:55,23.2,8.8,98.9
116,2022-08-08 11:56,23.2,8.1,98.9
116,2022-08-08 11:57,23.3,6.6,98.9
116,2022-08-08 11:58,23.3,6.9,98.9
116,2022-08-08 11:59,23.3,4.7,98.9
116,2022-08-08 12:00,23.3,7.2,98.9
116,2022-08-08 12:01,23.3,3.5,98.9
116,2022-08-08 12:02,23.3,5.7,98.9
116,2022-08-08 12:03,23.3,8,98.9
116,2022-08-08 12:04,23.3,7.4,98.9
116,2022-08-08 12:05,23.3,4.3,98.9
116,2022-08-08 12:06,23.3,4.1,98.9
116,2022-08-08 12:07,23.3,4.3,98.9
116,2022-08-08 12:08,23.3,3.9,98.9
116,2022-08-08 12:09,23.3,3.4,98.9
116,2022-08-08 12:10,23.4,5.8,98.9
116,2022-08-08 12:11,23.3,5.7,98.9
116,2022-08-08 12:12,23.4,4.7,98.9
116,2022-08-08 12:13,23.3,5.8,98.9
116,2022-08-08 12:14,23.3,5.3,98.9
116,2022-08-08 12:15,23.4,4,98.9
116,2022-08-08 12:16,23.4,3.1,98.9
116,2022-08-08 12:17,23.4,4.5,98.9
116,2022-08-08 12:18,23.4,4.8,98.9
116,2022-08-08 12:19,23.4,.4,98.9
116,2022-08-08 12:20,23.4,4.6,98.9
116,2022-08-08 12:21,23.4,5.4,98.9
116,2022-08-08 12:22,23.4,5.3,98.9
116,2022-08-08 12:23,23.4,6.3,98.9
116,2022-08-08 12:24,23.4,5.5,98.9
116,2022-08-08 12:25,23.4,5.2,98.9
116,2022-08-08 12:26,23.4,6.8,98.9
116,2022-08-08 12:27,23.5,5.2,98.9
116,2022-08-08 12:28,23.1,6.5,98.9
116,2022-08-08 12:29,22.4,4.2,98.9
116,2022-08-08 12:30,22.3,7.3,98.9
116,2022-08-08 12:31,21.9,3.8,98.9
116,2022-08-08 12:32,21.8,4.5,98.9
116,2022-08-08 12:33,21.7,5.3,98.9
116,2022-08-08 12:34,21.7,2.6,98.9
116,2022-08-08 12:35,21.5,4.3,98.9
116,2022-08-08 12:36,21.5,3.7,98.9
116,2022-08-08 12:37,21.5,5.6,98.9
116,2022-08-08 12:38,21.4,3.8,98.9
116,2022-08-08 12:39,21.5,2.7,98.9
116,2022-08-08 12:40,21.6,1.7,98.9
116,2022-08-08 12:41,21.7,3.4,99
116,2022-08-08 12:42,21.6,2.7,99
116,2022-08-08 12:43,21.6,3.6,99
116,2022-08-08 12:44,21.6,3.6,99
116,2022-08-08 12:45,21.7,4.5,99
116,2022-08-08 12:46,21.8,2.1,99
116,2022-08-08 12:47,21.9,3.4,99
116,2022-08-08 12:48,21.9,5.1,99
116,2022-08-08 12:49,21.9,3.7,99
116,2022-08-08 12:50,21.9,3.2,99
116,2022-08-08 12:51,21.9,3.6,99
116,2022-08-08 12:52,22,4.4,99
116,2022-08-08 12:53,22,3.5,99
116,2022-08-08 12:54,21.9,5,99.1
116,2022-08-08 12:55,21.9,3.4,99
116,2022-08-08 12:56,21.9,4.1,99
116,2022-08-08 12:57,21.9,9.8,99.1
116,2022-08-08 12:58,22,6,99
116,2022-08-08 12:59,21.9,6.3,99
116,2022-08-08 13:00,22,6.6,99
116,2022-08-08 13:01,21.9,9,99.1
116,2022-08-08 13:02,21.7,5,99.1
116,2022-08-08 13:03,21.6,7.1,99.1
116,2022-08-08 13:04,21.6,7,99.1
116,2022-08-08 13:05,21.6,7.3,99.1
116,2022-08-08 13:06,21.8,6.6,99.1
116,2022-08-08 13:07,21.7,6.7,99.1
116,2022-08-08 13:08,21.7,5,99.1
116,2022-08-08 13:09,21.8,4.9,99.1
116,2022-08-08 13:10,21.8,6.5,99.1
116,2022-08-08 13:11,21.8,6.3,99.1
116,2022-08-08 13:12,21.8,4.4,99.1
116,2022-08-08 13:13,21.9,1.5,99.1
116,2022-08-08 13:14,21.8,1.5,99.1
116,2022-08-08 13:15,21.8,1.6,99.1
116,2022-08-08 13:16,22,3,99.1
116,2022-08-08 13:17,21.7,2.1,99.1
116,2022-08-08 13:18,21.8,6.7,99.1
116,2022-08-08 13:19,21.8,1.8,99.1
116,2022-08-08 13:20,21.9,4.1,99.1
116,2022-08-08 13:21,21.8,4.9,99.1
116,2022-08-08 13:22,21.8,4.8,99.1
116,2022-08-08 13:23,21.9,4.6,99.1
116,2022-08-08 13:24,21.8,6.4,99.1
116,2022-08-08 13:25,21.7,3.1,99.1
116,2022-08-08 13:26,21.8,3.8,99.1
116,2022-08-08 13:27,21.7,3.9,99.1
116,2022-08-08 13:28,21.6,3.5,99.1
116,2022-08-08 13:29,21.6,4.5,99.1
116,2022-08-08 13:30,21.6,4.3,99.1
116,2022-08-08 13:31,21.6,4.5,99.1
116,2022-08-08 13:32,21.6,3.5,99.1
116,2022-08-08 13:33,21.5,3.1,99.1
116,2022-08-08 13:34,21.5,3.3,99.1
116,2022-08-08 13:35,21.5,4.5,99.1
116,2022-08-08 13:36,21.4,6.7,99.1
116,2022-08-08 13:37,21.5,4.4,99.1
116,2022-08-08 13:38,21.4,4.6,99.1
116,2022-08-08 13:39,21.4,5.3,99.1
116,2022-08-08 13:40,21.5,1.7,99.1
116,2022-08-08 13:41,21.5,3.1,99.1
116,2022-08-08 13:42,21.4,5.6,99.1
116,2022-08-08 13:43,21.3,4.5,99.1
116,2022-08-08 13:44,21.4,3.5,99.1
116,2022-08-08 13:45,21.5,4.1,99.1
116,2022-08-08 13:46,21.4,4.2,99.1
116,2022-08-08 13:47,21.6,2.2,99.1
116,2022-08-08 13:48,21.6,3,99.1
116,2022-08-08 13:49,21.7,2.5,99.1
116,2022-08-08 13:50,21.7,2.7,99.1
116,2022-08-08 13:51,21.9,3.1,99.1
116,2022-08-08 13:52,21.9,2.5,99.1
116,2022-08-08 13:53,21.8,3.2,99.1
116,2022-08-08 13:54,21.8,2.5,99.1
116,2022-08-08 13:55,21.8,2.1,99.1
116,2022-08-08 13:56,21.8,3.9,99.1
116,2022-08-08 13:57,21.8,1.6,99.1
116,2022-08-08 13:58,21.9,4.5,99.1
116,2022-08-08 13:59,22,1.4,99.1
116,2022-08-08 14:00,22,2.2,99.1
116,2022-08-08 14:01,22,3,99.1
116,2022-08-08 14:02,22.1,3.5,99.1
116,2022-08-08 14:03,22.1,3.9,99.1
116,2022-08-08 14:04,22.1,4.2,99.1
116,2022-08-08 14:05,22.1,5,99.1
116,2022-08-08 14:06,22,3.5,99.1
116,2022-08-08 14:07,22,4,99.1
116,2022-08-08 14:08,22.1,3.9,99.1
116,2022-08-08 14:09,22.1,3.9,99.1
116,2022-08-08 14:10,22.1,5.8,99.1
116,2022-08-08 14:11,22.1,5.2,99.1
116,2022-08-08 14:12,22.1,2.4,99.1
116,2022-08-08 14:13,22.3,2.5,99.1
116,2022-08-08 14:14,22.3,3.3,99.1
116,2022-08-08 14:15,22.3,7.4,99.1
116,2022-08-08 14:16,22.4,2.9,99.1
116,2022-08-08 14:17,22.4,4.1,99.1
116,2022-08-08 14:18,22.2,3.2,99.1
116,2022-08-08 14:19,22.2,3.3,99.1
116,2022-08-08 14:20,22.1,3.7,99.1
116,2022-08-08 14:21,22.1,2,99.1
116,2022-08-08 14:22,22.3,2.8,99.1
116,2022-08-08 14:23,22.4,2.4,99.1
116,2022-08-08 14:24,22.3,5.8,99.1
116,2022-08-08 14:25,22.4,4.3,99.1
116,2022-08-08 14:26,22.3,1.7,99.1
116,2022-08-08 14:27,22.2,5,99.1
116,2022-08-08 14:28,22.4,3.2,99.1
116,2022-08-08 14:29,22.5,3.8,99.1
116,2022-08-08 14:30,22.4,7.1,99.1
116,2022-08-08 14:31,22.3,4.1,99.1
116,2022-08-08 14:32,22.4,4.4,99.1
116,2022-08-08 14:33,22.3,4.8,99.1
116,2022-08-08 14:34,22.3,5.3,99.1
116,2022-08-08 14:35,22.4,4.2,99.1
116,2022-08-08 14:36,22.2,3,99.1
116,2022-08-08 14:37,22.3,4.1,99.1
116,2022-08-08 14:38,22.4,3.8,99.1
116,2022-08-08 14:39,22.4,4.8,99.1
116,2022-08-08 14:40,22.4,4.2,99.1
116,2022-08-08 14:41,22.6,3.2,99.1
116,2022-08-08 14:42,22.6,5.4,99.1
116,2022-08-08 14:43,22.6,4,99.1
116,2022-08-08 14:44,22.5,3.4,99.1
116,2022-08-08 14:45,22.5,4.7,99.1
116,2022-08-08 14:46,22.7,4.3,99.1
116,2022-08-08 14:47,22.7,4.9,99.1
116,2022-08-08 14:48,22.7,2.5,99.1
116,2022-08-08 14:49,22.7,3.8,99.1
116,2022-08-08 14:50,22.6,5.1,99.1
116,2022-08-08 14:51,22.6,3.9,99.1
116,2022-08-08 14:52,22.6,4,99.1
116,2022-08-08 14:53,22.6,4.9,99.1
116,2022-08-08 14:54,22.6,3,99.1
116,2022-08-08 14:55,22.6,5.2,99.1
116,2022-08-08 14:56,22.6,5.1,99.1
116,2022-08-08 14:57,22.8,5.3,99.1
116,2022-08-08 14:58,22.9,4.6,99.1
116,2022-08-08 14:59,22.8,5,99.1
116,2022-08-08 15:00,22.9,7,99.1
116,2022-08-08 15:01,22.9,5.2,99.1
116,2022-08-08 15:02,22.9,6.5,99.1
116,2022-08-08 15:03,23,4.9,99.1
116,2022-08-08 15:04,23.1,7,99.1
116,2022-08-08 15:05,23,6.3,99.1
116,2022-08-08 15:06,23,5.2,99.1
116,2022-08-08 15:07,23.1,3.4,99.1
116,2022-08-08 15:08,23.1,5.9,99.1
116,2022-08-08 15:09,23.1,4.6,99.1
116,2022-08-08 15:10,23.2,6.5,99.1
116,2022-08-08 15:11,23.1,6.6,99.1
116,2022-08-08 15:12,23.1,5.2,99.1
116,2022-08-08 15:13,23,8,99.1
116,2022-08-08 15:14,23.1,8.7,99.1
116,2022-08-08 15:15,23,5.2,99.1
116,2022-08-08 15:16,23,6.3,99.1
116,2022-08-08 15:17,23,5.8,99.1
116,2022-08-08 15:18,23.1,5.9,99.1
116,2022-08-08 15:19,23.1,5.9,99.1
116,2022-08-08 15:20,23,3.4,99.1
116,2022-08-08 15:21,22.9,4.7,99.1
116,2022-08-08 15:22,22.9,3.5,99.1
116,2022-08-08 15:23,22.8,5.7,99.1
116,2022-08-08 15:24,22.8,6.5,99.1
116,2022-08-08 15:25,23,5.6,99.1
116,2022-08-08 15:26,23.1,4.4,99.1
116,2022-08-08 15:27,23,5.3,99.1
116,2022-08-08 15:28,23,5.7,99.1
116,2022-08-08 15:29,23,6.1,99.1
116,2022-08-08 15:30,23.1,4.9,99.1
116,2022-08-08 15:31,23.1,3.4,99.1
116,2022-08-08 15:32,23.2,3.9,99.1
116,2022-08-08 15:33,23.2,3.3,99.1
116,2022-08-08 15:34,23.2,3.5,99.1
116,2022-08-08 15:35,23.2,5.5,99.1
116,2022-08-08 15:36,23.3,4.4,99.1
116,2022-08-08 15:37,23.2,2.9,99.1
116,2022-08-08 15:38,23.3,3.4,99.1
116,2022-08-08 15:39,23.2,7.8,99.1
116,2022-08-08 15:40,23.3,4.5,99.1
116,2022-08-08 15:41,23.2,4.6,99.1
116,2022-08-08 15:42,23.1,4.4,99.1
116,2022-08-08 15:43,23.1,3.8,99.1
116,2022-08-08 15:44,23.1,4.4,99.1
116,2022-08-08 15:45,23,5.6,99.1
116,2022-08-08 15:46,23,5.6,99.1
116,2022-08-08 15:47,23,8.4,99.1
116,2022-08-08 15:48,22.9,6.6,99.1
116,2022-08-08 15:49,23,5.7,99.1
116,2022-08-08 15:50,22.9,5.4,99.1
116,2022-08-08 15:51,22.9,6,99.1
116,2022-08-08 15:52,23.1,4.9,99.1
116,2022-08-08 15:53,23.1,6.4,99.1
116,2022-08-08 15:54,23.1,5.8,99.1
116,2022-08-08 15:55,23.1,6,99.1
116,2022-08-08 15:56,23.2,6.7,99.1
116,2022-08-08 15:57,23.1,7.6,99.1
116,2022-08-08 15:58,23,7.5,99.1
116,2022-08-08 15:59,23.1,6.8,99.1
116,2022-08-08 16:00,23.1,6.5,99.1
116,2022-08-08 16:01,23,7.2,99.1
116,2022-08-08 16:02,22.9,5.4,99.1
116,2022-08-08 16:03,23,7.6,99.1
116,2022-08-08 16:04,22.9,7,99.1
116,2022-08-08 16:05,23,6.8,99.1
116,2022-08-08 16:06,23,7.3,99.1
116,2022-08-08 16:07,22.9,8,99.1
116,2022-08-08 16:08,22.9,5.8,99.1
116,2022-08-08 16:09,22.8,8.7,99.1
116,2022-08-08 16:10,22.9,7.2,99.1
116,2022-08-08 16:11,22.8,6.4,99.1
116,2022-08-08 16:12,22.8,9.1,99.1
116,2022-08-08 16:13,22.8,8.6,99.1
116,2022-08-08 16:14,22.8,7.9,99.1
116,2022-08-08 16:15,22.8,6.6,99.1
116,2022-08-08 16:16,22.8,7.3,99.1
116,2022-08-08 16:17,22.7,5.4,99.1
116,2022-08-08 16:18,22.7,5.5,99.1
116,2022-08-08 16:19,22.8,6.9,99.1
116,2022-08-08 16:20,22.8,7.8,99.1
116,2022-08-08 16:21,22.8,7.8,99.1
116,2022-08-08 16:22,22.8,8.5,99.1
116,2022-08-08 16:23,22.9,7.7,99.1
116,2022-08-08 16:24,22.8,6,99.1
116,2022-08-08 16:25,22.8,5.9,99.1
116,2022-08-08 16:26,22.8,7.1,99.1
116,2022-08-08 16:27,22.8,5.6,99.1
116,2022-08-08 16:28,22.9,5.9,99.1
116,2022-08-08 16:29,22.9,5,99.1
116,2022-08-08 16:30,22.9,3.1,99.1
116,2022-08-08 16:31,22.9,4.2,99.1
116,2022-08-08 16:32,22.9,4.1,99.1
116,2022-08-08 16:33,22.9,7,99.1
116,2022-08-08 16:34,22.9,5.4,99.1
116,2022-08-08 16:35,22.9,4,99.1
116,2022-08-08 16:36,22.9,6.8,99.1
116,2022-08-08 16:37,23,4.6,99.1
116,2022-08-08 16:38,23,6.7,99.1
116,2022-08-08 16:39,23,5.5,99.1
116,2022-08-08 16:40,23,5.3,99.1
116,2022-08-08 16:41,23,5.8,99.1
116,2022-08-08 16:42,23.1,4.8,99.1
116,2022-08-08 16:43,23.1,7.1,99.1
116,2022-08-08 16:44,23.1,7.3,99.1
116,2022-08-08 16:45,23.1,6.6,99.1
116,2022-08-08 16:46,23.1,5.1,99.1
116,2022-08-08 16:47,23.1,5.2,99.1
116,2022-08-08 16:48,23.1,6.3,99.1
116,2022-08-08 16:49,23.1,6.3,99.1
116,2022-08-08 16:50,23.1,5.2,99.1
116,2022-08-08 16:51,23.1,6.1,99.1
116,2022-08-08 16:52,23.1,6.5,99.1
116,2022-08-08 16:53,23.1,5.9,99.1
116,2022-08-08 16:54,23.1,7.3,99.1
116,2022-08-08 16:55,23.2,7.9,99.1
116,2022-08-08 16:56,23.2,5.2,99.1
116,2022-08-08 16:57,23.2,7,99.1
116,2022-08-08 16:58,23.2,4.6,99.1
116,2022-08-08 16:59,23.2,4.8,99.1
116,2022-08-08 17:00,23.2,4.5,99.1
116,2022-08-08 17:01,23.2,4.9,99.1
116,2022-08-08 17:02,23.2,3,99.1
116,2022-08-08 17:03,23.3,5.4,99.1
116,2022-08-08 17:04,23.3,5.2,99.1
116,2022-08-08 17:05,23.3,6.4,99.1
116,2022-08-08 17:06,23.3,7,99.1
116,2022-08-08 17:07,23.3,7.5,99.1
116,2022-08-08 17:08,23.3,7.5,99.1
116,2022-08-08 17:09,23.3,8.6,99.1
116,2022-08-08 17:10,23.3,7.4,99.1
116,2022-08-08 17:11,23.3,6.1,99.1
116,2022-08-08 17:12,23.3,5.7,99.1
116,2022-08-08 17:13,23.4,5.7,99.1
116,2022-08-08 17:14,23.4,8,99.1
116,2022-08-08 17:15,23.4,7.3,99.1
116,2022-08-08 17:16,23.4,3.8,99.1
116,2022-08-08 17:17,23.4,3,99.1
116,2022-08-08 17:18,23.4,5.9,99.1
116,2022-08-08 17:19,23.4,7.2,99.1
116,2022-08-08 17:20,23.4,8.7,99.1
116,2022-08-08 17:21,23.4,5,99.1
116,2022-08-08 17:22,23.4,6.3,99.1
116,2022-08-08 17:23,23.4,6.8,99.1
116,2022-08-08 17:24,23.4,6.9,99.1
116,2022-08-08 17:25,23.4,5.4,99.1
116,2022-08-08 17:26,23.4,6.6,99.1
116,2022-08-08 17:27,23.5,8.4,99.1
116,2022-08-08 17:28,23.4,5.5,99.1
116,2022-08-08 17:29,23.5,7.7,99.1
116,2022-08-08 17:30,23.5,7,99.1
116,2022-08-08 17:31,23.5,6.9,99.1
116,2022-08-08 17:32,23.5,7.1,99.1
116,2022-08-08 17:33,23.5,8.2,99.1
116,2022-08-08 17:34,23.5,6.5,99.1
116,2022-08-08 17:35,23.5,7,99.1
116,2022-08-08 17:36,23.5,7,99.1
116,2022-08-08 17:37,23.5,5.2,99.1
116,2022-08-08 17:38,23.5,5.3,99.1
116,2022-08-08 17:39,23.6,2.9,99.1
116,2022-08-08 17:40,23.6,5.1,99.1
116,2022-08-08 17:41,23.5,6.5,99.1
116,2022-08-08 17:42,23.6,3.6,99.1
116,2022-08-08 17:43,23.6,4.5,99.1
116,2022-08-08 17:44,23.6,6.8,99.1
116,2022-08-08 17:45,23.7,5,99.1
116,2022-08-08 17:46,23.8,6.6,99.1
116,2022-08-08 17:47,23.6,5,99.1
116,2022-08-08 17:48,23.7,4.6,99.1
116,2022-08-08 17:49,23.6,6.7,99
116,2022-08-08 17:50,23.5,4.1,99.1
116,2022-08-08 17:51,23.6,2.1,99.1
116,2022-08-08 17:52,23.5,3.2,99.1
116,2022-08-08 17:53,23.4,5.9,99.1
116,2022-08-08 17:54,23.1,8.3,99.1
116,2022-08-08 17:55,22.9,7.2,99.1
116,2022-08-08 17:56,22.8,4.2,99.1
116,2022-08-08 17:57,22.9,9,99.1
116,2022-08-08 17:58,22.9,6.4,99.1
116,2022-08-08 17:59,23,3.8,99.1
116,2022-08-08 18:00,23,4.8,99.1
116,2022-08-08 18:01,23,6.4,99.1
116,2022-08-08 18:02,22.9,5,99.1
116,2022-08-08 18:03,23,3.4,99.1
116,2022-08-08 18:04,23.2,2.4,99.1
116,2022-08-08 18:05,23.2,2.7,99.1
116,2022-08-08 18:06,23.3,7.6,99.1
116,2022-08-08 18:07,23.3,4.2,99.1
116,2022-08-08 18:08,23.3,3.8,99.1
116,2022-08-08 18:09,23.3,4.5,99.1
116,2022-08-08 18:10,23.4,7.8,99.1
116,2022-08-08 18:11,23.4,4.8,99.1
116,2022-08-08 18:12,23.4,4.7,99.1
116,2022-08-08 18:13,23.5,4,99.1
116,2022-08-08 18:14,23.4,5.8,99.1
116,2022-08-08 18:15,23.4,3.9,99.1
116,2022-08-08 18:16,23.5,4.4,99.1
116,2022-08-08 18:17,23.5,7.3,99.1
116,2022-08-08 18:18,23.5,3.7,99.1
116,2022-08-08 18:19,23.5,3.1,99.1
116,2022-08-08 18:20,23.4,4.6,99.1
116,2022-08-08 18:21,23.4,5.2,99.1
116,2022-08-08 18:22,23.4,7.3,99.1
116,2022-08-08 18:23,23.4,3.1,99.1
116,2022-08-08 18:24,23.4,5.2,99.1
116,2022-08-08 18:25,23.5,2.7,99.1
116,2022-08-08 18:26,23.6,2.7,99.1
116,2022-08-08 18:27,23.6,7.1,99.1
116,2022-08-08 18:28,23.6,2.9,99.1
116,2022-08-08 18:29,23.6,3.9,99.1
116,2022-08-08 18:30,23.5,4.8,99.1
116,2022-08-08 18:31,23.6,2.2,99.1
116,2022-08-08 18:32,23.7,3.5,99.1
116,2022-08-08 18:33,23.6,2.5,99.1
116,2022-08-08 18:34,23.6,6.9,99.1
116,2022-08-08 18:35,23.5,3.9,99.1
116,2022-08-08 18:36,23.5,7.3,99.1
116,2022-08-08 18:37,23.5,4.9,99.1
116,2022-08-08 18:38,23.5,4.6,99.1
116,2022-08-08 18:39,23.4,5.4,99.1
116,2022-08-08 18:40,23.4,3.5,99.1
116,2022-08-08 18:41,23.3,9.5,99.1
116,2022-08-08 18:42,23.3,5.5,99.1
116,2022-08-08 18:43,23.3,7.5,99
116,2022-08-08 18:44,23,6,99.1
116,2022-08-08 18:45,23,4.3,99.1
116,2022-08-08 18:46,23.1,7,99.1
116,2022-08-08 18:47,23,3.6,99.1
116,2022-08-08 18:48,23,5.6,99.1
116,2022-08-08 18:49,23,4.8,99.1
116,2022-08-08 18:50,23.1,4.3,99.1
116,2022-08-08 18:51,23.1,3.6,99.1
116,2022-08-08 18:52,23.1,4.5,99.1
116,2022-08-08 18:53,23.1,3.4,99.1
116,2022-08-08 18:54,23.1,4.9,99.1
116,2022-08-08 18:55,23.2,4.5,99.1
116,2022-08-08 18:56,23.2,7.7,99.1
116,2022-08-08 18:57,23.1,4.6,99.1
116,2022-08-08 18:58,23.1,5.4,99.1
116,2022-08-08 18:59,23.1,1.8,99.1
116,2022-08-08 19:00,23.2,4.4,99.1
116,2022-08-08 19:01,23.1,4.8,99.1
116,2022-08-08 19:02,23,4.1,99.1
116,2022-08-08 19:03,23,2.9,99.1
116,2022-08-08 19:04,23.1,3.5,99.1
116,2022-08-08 19:05,23.2,5.5,99.1
116,2022-08-08 19:06,23.2,4,99.1
116,2022-08-08 19:07,23.2,3.1,99.1
116,2022-08-08 19:08,23.2,6.2,99.1
116,2022-08-08 19:09,23.2,4.8,99.1
116,2022-08-08 19:10,23.2,6.5,99.1
116,2022-08-08 19:11,23.2,5.5,99.1
116,2022-08-08 19:12,23.2,1.4,99.1
116,2022-08-08 19:13,23.2,5.4,99.1
116,2022-08-08 19:14,23.2,3.5,99.1
116,2022-08-08 19:15,23.3,7.5,99.1
116,2022-08-08 19:16,23.3,3.5,99.1
116,2022-08-08 19:17,23.2,7,99.1
116,2022-08-08 19:18,23.2,3,99.1
116,2022-08-08 19:19,23.3,5.2,99.1
116,2022-08-08 19:20,23.3,3.2,99.1
116,2022-08-08 19:21,23.3,3,99.1
116,2022-08-08 19:22,23.4,1.9,99.1
116,2022-08-08 19:23,23.4,4.3,99.1
116,2022-08-08 19:24,23.4,3.1,99.1
116,2022-08-08 19:25,23.4,5.4,99.1
116,2022-08-08 19:26,23.4,2.3,99.1
116,2022-08-08 19:27,23.4,4.9,99.1
116,2022-08-08 19:28,23.5,1.6,99.1
116,2022-08-08 19:29,23.5,5.2,99.1
116,2022-08-08 19:30,23.5,4.4,99.1
116,2022-08-08 19:31,23.5,5.2,99.1
116,2022-08-08 19:32,23.5,1.4,99.1
116,2022-08-08 19:33,23.5,2,99.1
116,2022-08-08 19:34,23.5,3.8,99.1
116,2022-08-08 19:35,23.5,3.1,99.1
116,2022-08-08 19:36,23.5,3.1,99.1
116,2022-08-08 19:37,23.5,1.7,99.1
116,2022-08-08 19:38,23.6,4.1,99.1
116,2022-08-08 19:39,23.6,4.6,99.1
116,2022-08-08 19:40,23.5,4,99.1
116,2022-08-08 19:41,23.5,4.9,99.1
116,2022-08-08 19:42,23.6,2.8,99.1
116,2022-08-08 19:43,23.6,4.7,99.1
116,2022-08-08 19:44,23.6,3.5,99.1
116,2022-08-08 19:45,23.6,5.4,99.1
116,2022-08-08 19:46,23.7,4.3,99.1
116,2022-08-08 19:47,23.7,3.9,99.1
116,2022-08-08 19:48,23.7,5.8,99.1
116,2022-08-08 19:49,23.7,4.4,99.1
116,2022-08-08 19:50,23.7,4.4,99.1
116,2022-08-08 19:51,23.7,6,99.1
116,2022-08-08 19:52,23.7,5.9,99.1
116,2022-08-08 19:53,23.7,5.5,99.1
116,2022-08-08 19:54,23.7,4.9,99.1
116,2022-08-08 19:55,23.7,1.1,99.1
116,2022-08-08 19:56,23.8,7.4,99.1
116,2022-08-08 19:57,23.8,3.9,99.1
116,2022-08-08 19:58,23.8,.7,99.1
116,2022-08-08 19:59,23.8,1.3,99.1
116,2022-08-08 20:00,23.8,3,99.1
116,2022-08-08 20:01,23.8,3.1,99.1
116,2022-08-08 20:02,24,2.9,99.1
116,2022-08-08 20:03,23.9,1.5,99.1
116,2022-08-08 20:04,23.7,.1,99.1
116,2022-08-08 20:05,23.8,8.1,99.1
116,2022-08-08 20:06,23.8,5.4,99.1
116,2022-08-08 20:07,23.8,6.7,99.1
116,2022-08-08 20:08,23.8,5.6,99.1
116,2022-08-08 20:09,23.8,5.3,99.1
116,2022-08-08 20:10,23.8,7.4,99.1
116,2022-08-08 20:11,23.8,3.9,99.1
116,2022-08-08 20:12,23.8,7.5,99.1
116,2022-08-08 20:13,23.8,5.8,99.1
116,2022-08-08 20:14,23.8,3.8,99.1
116,2022-08-08 20:15,23.9,5.8,99.1
116,2022-08-08 20:16,23.9,3,99.1
116,2022-08-08 20:17,23.9,4,99.1
116,2022-08-08 20:18,23.9,4.5,99.1
116,2022-08-08 20:19,23.9,2.3,99.1
116,2022-08-08 20:20,23.9,1.9,99.1
116,2022-08-08 20:21,23.9,3,99.1
116,2022-08-08 20:22,23.8,.1,99.1
116,2022-08-08 20:23,23.8,1.4,99.1
116,2022-08-08 20:24,23.8,1.3,99.1
116,2022-08-08 20:25,23.9,1,99.1
116,2022-08-08 20:26,23.8,4.6,99.1
116,2022-08-08 20:27,24,1,99.1
116,2022-08-08 20:28,23.9,1.2,99.1
116,2022-08-08 20:29,23.8,.3,99.1
116,2022-08-08 20:30,23.9,.9,98.8
116,2022-08-08 20:31,23.7,2.6,98.8
116,2022-08-08 20:32,23.9,2.1,98.8
116,2022-08-08 20:33,23.8,2.9,98.8
116,2022-08-08 20:34,23.7,0,98.8
116,2022-08-08 20:35,23.7,3,98.8
116,2022-08-08 20:36,23.8,.2,98.8
116,2022-08-08 20:37,23.8,1.3,98.8
116,2022-08-08 20:38,23.7,1.9,98.8
116,2022-08-08 20:39,23.6,3.1,98.8
116,2022-08-08 20:40,23.7,2.4,98.8
116,2022-08-08 20:41,23.9,1.3,98.8
116,2022-08-08 20:42,23.7,3.3,98.8
116,2022-08-08 20:43,23.7,4.1,98.8
116,2022-08-08 20:44,23.7,6.9,98.8
116,2022-08-08 20:45,23.7,3.2,98.8
116,2022-08-08 20:46,23.6,2.6,98.8
116,2022-08-08 20:47,23.7,1.4,98.8
116,2022-08-08 20:48,23.7,3.1,98.8
116,2022-08-08 20:49,23.8,1.7,98.8
116,2022-08-08 20:50,23.7,0,98.8
116,2022-08-08 20:51,23.6,0,97.9
116,2022-08-08 20:52,23.6,0,97.9
116,2022-08-08 20:53,23.6,1.6,97.9
116,2022-08-08 20:54,23.4,3.1,97.9
116,2022-08-08 20:55,23.5,2.5,97.9
116,2022-08-08 20:56,23.4,6.1,97.9
116,2022-08-08 20:57,23.5,4.1,97.9
116,2022-08-08 20:58,23.5,3.5,97.9
116,2022-08-08 20:59,23.4,0,97.9
116,2022-08-08 21:00,23.1,0,97.9
116,2022-08-08 21:01,22.7,0,97.9
116,2022-08-08 21:02,22.7,1.5,97.9
116,2022-08-08 21:03,22.9,2.1,97.9
116,2022-08-08 21:04,23.4,1,97.9
116,2022-08-08 21:05,23.4,4.5,97.9
116,2022-08-08 21:06,23.6,4.4,97.9
116,2022-08-08 21:07,23.7,2.1,97.9
116,2022-08-08 21:08,23.7,3.3,97.9
116,2022-08-08 21:09,23.5,1.9,97.9
116,2022-08-08 21:10,23.3,2,97.9
116,2022-08-08 21:11,23.1,3.4,97.9
116,2022-08-08 21:12,23.4,3.8,97.9
116,2022-08-08 21:13,23.3,.4,97.9
116,2022-08-08 21:14,23.3,3.7,97.9
116,2022-08-08 21:15,23.2,4.1,97.9
116,2022-08-08 21:16,23,2.5,97.9
116,2022-08-08 21:17,22.7,2.1,97.9
116,2022-08-08 21:18,22.8,.6,97.9
116,2022-08-08 21:19,22.7,1.7,97.9
116,2022-08-08 21:20,22.9,2.7,97.9
116,2022-08-08 21:21,22.9,2.7,97.9
116,2022-08-08 21:22,22.9,2.9,97.9
116,2022-08-08 21:23,22.9,.8,97.9
116,2022-08-08 21:24,23,1.3,97.9
116,2022-08-08 21:25,23.2,5.7,97.9
116,2022-08-08 21:26,23.2,4.9,97.9
116,2022-08-08 21:27,23.2,4.1,97.9
116,2022-08-08 21:28,23.4,2.1,97.9
116,2022-08-08 21:29,23.5,2.5,97.9
116,2022-08-08 21:30,23.6,3.6,97.9
116,2022-08-08 21:31,23.7,3.6,97.9
116,2022-08-08 21:32,23.8,2.1,97.9
116,2022-08-08 21:33,23.7,4.8,97.9
116,2022-08-08 21:34,23.7,3.1,97.9
116,2022-08-08 21:35,23.6,5.5,97.9
116,2022-08-08 21:36,23.7,3.7,97.9
116,2022-08-08 21:37,23.8,3.7,97.9
116,2022-08-08 21:38,23.8,1.2,97.9
116,2022-08-08 21:39,23.8,3.2,97.9
116,2022-08-08 21:40,23.8,0,97.9
116,2022-08-08 21:41,23.8,1.7,97.9
116,2022-08-08 21:42,23.8,6.9,97.9
116,2022-08-08 21:43,23.7,2.1,97.9
116,2022-08-08 21:44,23.5,.9,97.9
116,2022-08-08 21:45,23.6,5.1,97.9
116,2022-08-08 21:46,23.8,3.3,97.9
116,2022-08-08 21:47,23.8,4.3,97.9
116,2022-08-08 21:48,23.9,3.4,97.9
116,2022-08-08 21:49,23.9,1,97.9
116,2022-08-08 21:50,24,1.1,97.9
116,2022-08-08 21:51,24.1,.7,97.9
116,2022-08-08 21:52,24,2.9,97.9
116,2022-08-08 21:53,24.1,1.3,97.9
116,2022-08-08 21:54,24,1.7,97.9
116,2022-08-08 21:55,24,.8,97.9
116,2022-08-08 21:56,23.9,2.3,97.9
116,2022-08-08 21:57,23.8,2.1,97.9
116,2022-08-08 21:58,23.8,1.9,97.9
116,2022-08-08 21:59,23.7,3.2,97.9
116,2022-08-08 22:00,23.5,1.9,97.9
116,2022-08-08 22:01,23.6,3.3,97.9
116,2022-08-08 22:02,23.5,2.6,97.9
116,2022-08-08 22:03,23.5,3.8,97.9
116,2022-08-08 22:04,23,4.9,97.9
116,2022-08-08 22:05,22.7,8,97.9
116,2022-08-08 22:06,22.6,5,97.9
116,2022-08-08 22:07,22.7,3.1,97.9
116,2022-08-08 22:08,22.8,5.3,97.9
116,2022-08-08 22:09,22.9,4.6,97.9
116,2022-08-08 22:10,22.8,2.1,97.9
116,2022-08-08 22:11,22.9,8.6,97.9
116,2022-08-08 22:12,23,3.4,97.9
116,2022-08-08 22:13,22.8,5.6,97.9
116,2022-08-08 22:14,22.9,2.8,97.9
116,2022-08-08 22:15,22.8,5.2,97.9
116,2022-08-08 22:16,22.8,3.9,97.9
116,2022-08-08 22:17,23,1.8,97.9
116,2022-08-08 22:18,23.1,6.2,97.9
116,2022-08-08 22:19,22.8,1.8,97.9
116,2022-08-08 22:20,22.8,1.6,97.9
116,2022-08-08 22:21,22.8,2.8,97.9
116,2022-08-08 22:22,22.8,2.6,97.9
116,2022-08-08 22:23,23.1,1.9,97.9
116,2022-08-08 22:24,22.9,2.9,97.9
116,2022-08-08 22:25,22.8,2.9,97.9
116,2022-08-08 22:26,23,1.7,97.9
116,2022-08-08 22:27,23.1,1.6,97.9
116,2022-08-08 22:28,23.1,3.1,97.9
116,2022-08-08 22:29,23,5.5,97.9
116,2022-08-08 22:30,22.8,5.4,97.9
116,2022-08-08 22:31,22.7,5.2,97.9
116,2022-08-08 22:32,22.7,5.5,97.9
116,2022-08-08 22:33,22.7,4.3,97.9
116,2022-08-08 22:34,22.8,3.7,97.9
116,2022-08-08 22:35,23.1,3.7,97.9
116,2022-08-08 22:36,23.1,3,97.9
116,2022-08-08 22:37,23.2,2.6,97.9
116,2022-08-08 22:38,23.2,1.2,97.9
116,2022-08-08 22:39,23.4,1.7,97.9
116,2022-08-08 22:40,23.4,3.1,97.9
116,2022-08-08 22:41,23.4,3.2,97.9
116,2022-08-08 22:42,23.2,2.4,97.9
116,2022-08-08 22:43,23.2,2.8,97.9
116,2022-08-08 22:44,23.3,1.6,97.9
116,2022-08-08 22:45,23.2,1.5,97.9
116,2022-08-08 22:46,23.3,3.3,97.9
116,2022-08-08 22:47,23.2,3.2,97.9
116,2022-08-08 22:48,23,2.9,97.9
116,2022-08-08 22:49,23,2.6,97.9
116,2022-08-08 22:50,23,2.1,97.9
116,2022-08-08 22:51,23,2.7,97.9
116,2022-08-08 22:52,23,4.2,97.9
116,2022-08-08 22:53,23,5.3,97.9
116,2022-08-08 22:54,23.1,3.9,97.9
116,2022-08-08 22:55,23.2,3.8,97.9
116,2022-08-08 22:56,23.3,2.5,97.9
116,2022-08-08 22:57,23.3,1.4,97.9
116,2022-08-08 22:58,23.3,2.9,97.9
116,2022-08-08 22:59,23.2,.4,97.9
116,2022-08-08 23:00,23.2,3,97.9
116,2022-08-08 23:01,23.3,3.3,97.9
116,2022-08-08 23:02,23.2,3.1,97.9
116,2022-08-08 23:03,23.1,4,97.9
116,2022-08-08 23:04,23.1,4.9,97.9
116,2022-08-08 23:05,23.1,3.6,97.9
116,2022-08-08 23:06,22.8,7.6,97.9
116,2022-08-08 23:07,22.6,6.7,97.9
116,2022-08-08 23:08,22.7,3.2,97.9
116,2022-08-08 23:09,22.8,5.3,97.9
116,2022-08-08 23:10,22.9,3.4,97.9
116,2022-08-08 23:11,22.9,7.3,97.9
116,2022-08-08 23:12,22.9,3.2,97.9
116,2022-08-08 23:13,23,5.6,97.9
116,2022-08-08 23:14,23,2.2,97.9
116,2022-08-08 23:15,23,5.2,97.9
116,2022-08-08 23:16,23,4.1,97.9
116,2022-08-08 23:17,22.9,6.2,97.9
116,2022-08-08 23:18,22.8,4.1,97.9
116,2022-08-08 23:19,22.9,9.1,97.9
116,2022-08-08 23:20,22.9,5.2,97.9
116,2022-08-08 23:21,22.9,3.3,97.9
116,2022-08-08 23:22,22.9,3.4,97.9
116,2022-08-08 23:23,22.9,4.1,97.9
116,2022-08-08 23:24,23,5.9,97.9
116,2022-08-08 23:25,23,6.6,97.9
116,2022-08-08 23:26,22.9,3.3,97.9
116,2022-08-08 23:27,23,5.2,97.9
116,2022-08-08 23:28,23,2.6,97.9
116,2022-08-08 23:29,23,4.6,97.9
116,2022-08-08 23:30,23,3.8,97.9
116,2022-08-08 23:31,23,3.2,97.9
116,2022-08-08 23:32,23,3.9,97.9
116,2022-08-08 23:33,23,4,97.9
116,2022-08-08 23:34,23,3,97.9
116,2022-08-08 23:35,23,1.3,97.9
116,2022-08-08 23:36,23,4.6,97.9
116,2022-08-08 23:37,23,2.2,97.9
116,2022-08-08 23:38,23,1.5,97.9
116,2022-08-08 23:39,22.9,4.4,97.9
116,2022-08-08 23:40,23,2.9,97.9
116,2022-08-08 23:41,23,6.1,97.9
116,2022-08-08 23:42,23,5.5,97.9
116,2022-08-08 23:43,23,2.5,97.9
116,2022-08-08 23:44,22.9,3.6,97.9
116,2022-08-08 23:45,22.9,2.8,97.9
116,2022-08-08 23:46,22.9,2.7,97.9
116,2022-08-08 23:47,22.9,2.6,97.9
116,2022-08-08 23:48,22.9,5.1,97.9
116,2022-08-08 23:49,23,2.8,97.9
116,2022-08-08 23:50,23,2.2,97.9
116,2022-08-08 23:51,22.9,2.8,97.9
116,2022-08-08 23:52,22.9,3.3,97.9
116,2022-08-08 23:53,23,4.7,97.9
116,2022-08-08 23:54,23,5.2,97.9
116,2022-08-08 23:55,23,1.6,97.9
116,2022-08-08 23:56,23,3,97.9
116,2022-08-08 23:57,23,3.6,97.9
116,2022-08-08 23:58,23,4.8,97.9
116,2022-08-08 23:59,23.1,3.5,97.9
116,2022-08-09 00:00,23.1,3.4,97.9
